apogee,t_final,max_speed,x_impact,y_impact,inclination,heading
2470.611204391138,153.74870026297663,220.53878526231944,587.2026654755558,808.0024337598082,82.8668321752746,36.0082829883968
2478.569462373569,153.9389479044404,220.4891499483921,-745.1494451055648,515.0331771919201,83.54707554506663,304.6509797844728
2502.221131129057,154.11717522578368,220.3261007848773,-467.6962510863753,-239.6288097792874,86.23625314603338,242.86878402068217
2500.2127530127814,153.78874801170397,220.33881131902393,250.68543562129372,-510.5799126287243,85.93646712809534,153.85060404147762
2488.8954768573244,153.90900770233173,220.41436966485512,342.3367941291873,684.1155260692537,84.55902460271118,26.584190440373447
2495.2421291962974,154.30543244555952,220.37461694770212,542.663628748377,-379.65793627406265,85.28262883419112,124.97890461564664
2497.323245060138,154.02516239072978,220.36018744226882,-327.7816954331407,-531.9751496153461,85.54529433965898,211.63823646101403
2497.0395197539233,154.13683536878926,220.3580638701045,619.949114730009,-109.36890579869213,85.51250937282595,100.00717897080587
2498.9656754668613,154.12354941136383,220.33792488864424,590.5026110701482,52.27781078446637,85.76880671623023,84.94129191694977
2510.036548663982,154.51064890527957,220.26435660114294,-292.4021264610799,-93.5167522633214,87.74021426259333,252.26229631909356
2490.0135415915174,154.12520000843045,220.4108403104835,420.745708593632,619.3505956926947,84.67371131067064,34.19082092912464
2489.5215440399184,153.88023958429557,220.41403071152504,334.827860477123,-678.0031413981508,84.62148229520349,153.7182232991882
2489.7468732438656,153.96972532145094,220.40983407436184,-3.202202764041392,-752.330987901276,84.6483679201198,180.2438677050034
2493.3379292434424,153.90480697763041,220.3839847957495,666.4717641145377,-198.89278833032827,85.05033296202112,106.61721179176456
2498.0992417179095,153.88633276684007,220.3534606483886,496.5696407697025,355.40935122241433,85.6451105707038,54.409381427929134
2488.708658114672,153.82987379005394,220.41779868727727,238.05456392226054,-730.1130773534043,84.53805679196218,161.94160711882532
2477.7884351832095,153.96599023589036,220.49413134540924,896.3578819867654,183.6691497400524,83.48026429367444,78.42172282906917
2471.3683735000996,153.9858653209544,220.54029041973493,-689.2155185035313,-711.7110426802445,82.92541987259162,224.07939511926315
2485.699167858902,153.73347884575992,220.43963416797624,786.027655212624,201.82462165350253,84.22766146645161,75.59929553629374
2481.0292496597976,153.9740138026355,220.47337733437203,-773.6007907943024,407.64750842164324,83.77440545289343,297.7861010983422
2495.4776378053593,153.88078673979345,220.37161903215872,548.2655614003467,363.85239136633913,85.31389639959305,56.432711522567935
2471.6099408756418,153.80444808948465,220.53753584028223,-822.8576026570317,-546.3415146686164,82.94817112665527,236.41644325098525
2505.4157199512183,154.10744526306362,220.30264971829737,-75.29390292902684,444.23075748457677,86.7546686646257,350.3796693436986
2496.3457474211577,153.75374097528262,220.3667083727742,-123.31701494464149,-631.7543669507138,85.41445201195086,191.04463078105093
2490.847101264701,154.20604994102027,220.40348791952866,711.6190991204586,-182.78313347519685,84.77243983315945,104.40742428464596
2494.0472887436836,153.674963696342,220.38192851602503,-76.07961513558608,-678.9755789906446,85.13735423223123,186.39331941818395
2490.2570295123146,153.95630115925553,220.4042633537039,-490.25372717229266,-559.8276731688669,84.70636513060727,221.20769619144878
2508.841488399943,154.17049553156767,220.2791981924424,-287.6600498912329,-197.11958631647104,87.45448512198782,235.57717429579927
2484.652869927958,153.65372722322658,220.44633883716602,333.71046849039664,-755.3628295825275,84.12533157078293,156.1655610684856
2497.9871654781286,153.83959963590848,220.3532229538133,-28.152217691634526,611.4432578179787,85.63512219829082,357.36371819050424
2481.8313393983817,153.99933485877162,220.46384511508907,-705.228122162735,498.6057457567751,83.85175981574761,305.2596904538617
2489.006600138319,153.96743941614085,220.41539479795256,-760.1349313189457,-69.97000758466255,84.57023449189164,264.7388857278216
2474.357618909527,154.16015654349704,220.51688352849246,-909.9452001449017,-291.8298754659796,83.18271457846203,252.21796646496335
2491.8919999609907,153.53590667802413,220.39896077924462,632.078853553819,-342.66675587564526,84.88580511349912,118.4647255824916
2508.083471961255,154.11337659039177,220.27962559854546,-171.01137439611057,-331.3428740357415,87.28891943699178,207.29751706347068
2442.9122510489415,153.84320844088103,220.73836056961122,941.3737895084837,844.1441547121997,80.86154663713684,48.11714933978901
2483.254972573252,153.96228445915943,220.45643685449235,839.6989042770283,92.48573601509298,83.98816357748248,83.71594686421706
2477.264072647923,153.73824898166546,220.49577297147079,-921.2223718399308,-16.79979693910653,83.43454584246567,268.9555046368686
2499.9008431109364,154.44401939854419,220.34212974785444,101.19313270741723,566.0819686611924,85.89182091021071,10.135330252188526
2473.0437705347435,153.99566093804827,220.52770438878582,619.3597205333732,748.1195048889856,83.06879193478252,39.621579195113846
2465.03370062229,153.84260202176222,220.5836794164347,332.5224153140815,1005.1876338655433,82.4219347886268,18.304797643042946
2497.26814707458,153.95993404670938,220.35916037360286,-19.98455453093455,625.3961481595833,85.53959775307929,358.16972488608064
2505.7484103726256,153.95543686715138,220.2977964260275,-252.4394243446258,-359.6637912466038,86.83135358307746,215.06236462890428
2499.8444666665077,154.13963630148646,220.34216570032484,51.93503543628953,573.5526345697315,85.88667259794228,5.174255768070366
2490.1370322483235,154.15322674628126,220.40943227864346,-738.0720407166684,108.57953073951695,84.69290360169522,278.36878567982296
2506.346617660737,154.274656303752,220.29780990196784,193.0993834388536,-377.7786934714111,86.93536154227351,152.92657014417384
2479.656249620619,154.0667766726082,220.47942168042343,673.2599329331525,-584.6990512596269,83.64862200913456,130.97427675938266
2504.2246724243646,154.0950655145286,220.307420565792,128.5426646378584,460.79079852844524,86.56251901631519,15.587579678331611
2499.0412381717674,154.19510577677457,220.34114909716257,56.85062566665764,-588.177090665685,85.78161679423833,174.4793674322506
2463.7223449153225,153.94433327108013,220.59062569733607,-969.4532601969465,457.5759884113459,82.32227333786263,295.2672553419722
2484.0572347412067,153.98963879805413,220.4471283494542,-682.1525500590618,479.1904278390648,84.06811531916192,305.08531264836813
2498.6660963939635,153.65674623534719,220.34757883876534,-588.6919700835715,-114.3733073381952,85.72190262577983,259.0032682027695
2493.0801795613806,153.80909273579366,220.3889504471114,-530.386830872824,456.7075555869145,85.01967304519941,310.7293192897352
2507.0025281678954,153.9897639680542,220.2911242274883,382.11868019815125,136.41752080674308,87.06340203515909,70.35566330590943
2504.452038128834,153.99972209221025,220.3102769494922,-115.2766675507665,-460.2298737817995,86.58977374981237,194.06138399445666
2491.250586793925,153.82726760364855,220.40156714268207,595.3546240182441,420.9319548853426,84.81348786170001,54.74066621505898
2490.744568074052,153.86681281219575,220.40388365830168,396.9780033688277,620.4851321126337,84.76045718391235,32.61128161087176
2494.7131779886595,154.32487746714918,220.36899592191824,-670.0044008320699,30.197892799306693,85.22364043285378,272.578826240985
2512.497778473299,155.03152498647484,220.24972202207266,195.03304482767905,28.475092461490203,88.49448739827803,81.69405152027339
2466.438697721006,154.0197555968782,220.56995144156238,-629.569742012916,-832.8138218616393,82.5308282761769,217.087306744454
2508.7707224825463,154.3151211944644,220.27811060027304,-345.1778644059409,-65.26203081221685,87.43679157054152,259.2924627723644
2486.9366771718906,153.68777167921695,220.4286968355445,456.5137256761552,-649.1919189834455,84.3553077112938,144.88606910708054
2489.3942038167797,153.8520295004092,220.4102380596313,-351.55877037405736,-670.7472570504763,84.61356216372349,207.65949269153387
2489.627051655996,153.96874418757216,220.41375126754107,-107.19779092662608,-746.3389187893208,84.63645141343332,188.17322399254397
2473.4492549746547,153.8435222717635,220.5264251114597,-956.9159776813464,137.86037516460493,83.10187386563231,278.19686978493087
2476.214163598223,153.97864504742807,220.5028483289077,-446.1729008574107,821.2615810259953,83.33713437685756,331.48496160837396
2491.668458713228,153.98967294016003,220.3987058388089,-714.7469084200901,105.34628032073411,84.86009642479638,278.3831562641638
2510.0181774180637,154.482349507185,220.26904378298113,195.2436414131284,236.8128427094785,87.74081384085132,39.504863372407456
2491.792456052859,154.07153017913296,220.39728288197395,653.6561836077719,-303.17131649626134,84.87324364982156,114.88477083871665
2466.2779296395347,154.24972457393062,220.57429117583837,-1040.646148802321,97.1691754301094,82.5210752519499,275.3340180381513
2502.766506366779,153.96867239113604,220.3224865363919,19.475558676064065,513.1683620958245,86.31971261547088,2.1734771858359725
2495.084456898025,153.94186117903405,220.37009089312633,-645.9562577611342,-156.15651451833463,85.26762632335581,256.4086995125371
2511.898109206554,155.09984771818245,220.25586340240798,8.963847419812168,-227.05090303006025,88.28691792220454,177.7391867089365
2487.7533663119852,153.74090533991972,220.42581800592114,480.07905597697555,-617.1585422258702,84.43886094536586,142.12239770506474
2484.0904854648697,153.68758169948575,220.4510765675716,757.3109963376618,349.17000605033013,84.06724365824306,65.24814748358814
2497.995344449606,154.37792198116307,220.35455065731574,-206.61736952684038,576.1994816558952,85.63359043560295,340.27282992977246
2479.090290934295,153.85527459832164,220.48442988499346,-185.1992876268616,879.7896299643875,83.59633650240193,348.1123002883294
2480.342607861923,153.99573390989036,220.472772845547,261.1434895762721,843.6184481477012,83.71139466031194,17.200028671138075
2482.882749693922,154.0812647826831,220.45947550601107,841.3987198274559,-123.24529515202275,83.94749359269795,98.33370971732742
2503.843827764368,154.0663505991611,220.31000658722743,-463.7229914446924,-148.94419096860878,86.50255393042842,252.1912652277267
2502.7704090011966,154.2512682806058,220.32048360650606,176.65254422644185,-481.50271518418066,86.32345688779422,159.85324717858268
2477.3250094755635,153.7929029863927,220.49729069704864,607.8112921069504,691.7374082267125,83.43829955234439,41.30569625177049
2495.4267761544884,154.09315427877013,220.3733446475881,-223.38541200400928,620.0845072754231,85.30571394130365,340.1880983425482
2498.1457536030834,153.91069305745188,220.35252330282208,79.70035114928608,-603.6298673279049,85.65732929716383,172.4785314067186
2493.9683017445955,153.95387277623917,220.38438693085274,-660.4543232946944,180.6597570058838,85.12631206647721,285.29665217118975
2495.0262913973543,153.91558896892238,220.37330055228472,-582.7776787566846,322.78979024426167,85.25641563117148,298.97942083857816
2477.232192434599,154.01479973954352,220.49721615935428,103.51646930798364,-916.2021115164235,83.42883231527657,173.55376367940377
2497.3964727301814,154.0769594158924,220.34908777097843,319.64186865884415,-535.3503936541764,85.55451056998777,149.1612989200945
2497.0598158447233,153.85036039772558,220.35895086641972,623.4794630978873,-90.17644942071858,85.51008474521757,98.23179926564612
2468.6589566514754,153.89636431711486,220.55541722941223,586.2379522319955,834.7459341084623,82.70922279038415,35.079880789838775
2467.582481089775,153.81842854668463,220.56126461903057,691.5424498063744,766.3502043833415,82.61916545279259,42.06239857959515
2458.243976499087,153.82546541218923,220.63197586241682,-780.7731134808107,-812.1006525995577,81.91356451160398,223.87334113350965
2458.71275458834,153.7043839689706,220.627594844839,-339.6888377476766,-1069.2050905756957,81.94941305525283,197.62508726180707
2501.430145395653,154.09125266493274,220.3288359480076,192.1300961524875,-507.6328373512063,86.11655766852529,159.27010756561734
2501.5655223241774,153.91009749250952,220.3253501737986,-529.9003720009283,-105.12836606359743,86.13473983565194,258.77598749822533
2491.5847024551576,153.96762595293063,220.39780560362448,102.54608744226961,-716.19719367981,84.85256798419147,171.85199971521365
2483.7206483842506,153.85742695300695,220.45230247338483,526.5028981979233,-652.3221533330908,84.03505461063791,141.0933348486201
2511.6774062853424,154.66494751440266,220.2575438205169,-213.65282616100944,102.80883266679236,88.21942406651638,295.69679026741534
2492.8814169974953,154.0004397363383,220.38924439241364,-642.6334565712151,282.91263815583795,85.00321319565224,293.75888326554934
2490.290865710319,153.96200051777896,220.4084491218333,-271.93171974604144,692.3990159445387,84.70871530962346,338.5573486116759
2504.728258461622,154.29386680925154,220.3087138353118,-458.4840131931935,86.03508302505287,86.64434950588102,280.6259298964173
2502.173972669936,153.76875566609783,220.32055364437798,511.3405058659583,129.75906546615616,86.2230326377282,75.7637039221228
2495.917808942368,154.10414916200756,220.36791801415845,-241.23248214846546,-603.8096689430316,85.36770708390583,201.77668241243703
2477.1208550620736,154.0152550597751,220.4933166531901,670.8966088463056,-634.344296183221,83.41921371708985,133.39714172538478
2508.972218061632,154.43495025387813,220.27265014155856,302.21147528057816,163.90840067711486,87.48806496861661,61.52824722383629
2484.4259432761264,154.12683123737753,220.44768225652973,-764.7840344364913,-319.6758025397107,84.10171274015009,247.31414816616217
2490.6349057855828,153.80640593512774,220.40114715693105,-729.2697850928964,-117.11676104795667,84.7461889751498,260.8750465362766
2497.3263350167285,153.9999947476025,220.36136057984805,-169.96399221142266,602.3400919189982,85.538688427832,344.2417963044719
2489.3719696670737,153.82639997799217,220.41277403953097,174.95536214648698,-737.4385615362053,84.60921969615515,166.65377137360736
2493.787196853575,153.8218315922075,220.37818777752724,543.7659594991611,421.6098969296557,85.10297235373395,52.21164387570495
2513.641698022326,155.48792966362697,220.24395871007087,40.71433898333279,107.4159815481192,89.06722175472082,20.758548768338947
2504.4884739868353,154.35298311340117,220.31048950961403,328.07762002742174,-340.27141179014455,86.60134505675425,136.046991850411
2491.7736162355736,154.32585990520232,220.38933660276234,-150.1958231971336,704.0019438378611,84.87744745524154,347.9564794568818
2478.9657160199167,153.79558310946612,220.48155897324165,-556.120320309392,708.7588406451915,83.58344896396365,321.88030673995684
2508.0925206482907,154.36739341312958,220.27977424531034,-304.3779483471864,-215.46196605747718,87.28823383794231,234.70412987834354
2490.5369422091817,153.75788567286793,220.40543134207104,661.9307502035177,330.7461195561226,84.73684804682948,63.45123208114411
2503.2999561798692,154.17197567228283,220.31581046099146,-491.2525939051581,-99.67036210819748,86.40416545821974,258.52697503853585
2480.7423895516936,154.1673189813494,220.47553358168258,-670.5413141899146,567.1003690664164,83.74644380318412,310.22131266229377
2490.872537248686,154.2140939969045,220.4030692933824,572.9290794994533,-459.40178904596144,84.77501308806157,128.72578188110367
2491.811689040309,153.80590449678596,220.39237004584606,-517.4030837539858,-500.63207140330775,84.87794796825901,225.94155668640028
2479.8141966095486,154.1022915385273,220.47604948152298,-882.1649884823945,-114.70018863300082,83.66416265409563,262.59156792142653
2494.6922715542983,153.99454026283118,220.3783775204409,271.7946681808486,614.5753488127633,85.21542736009945,23.857624343203952
2503.2775399205266,154.09301186459604,220.31878017923907,-486.7679576071063,122.95321998531665,86.39891947960402,284.1737457460117
2484.643258486967,153.92889212607557,220.44641619804082,798.9655931327417,-209.96182500176545,84.12248609264992,104.72579795932907
2489.0506127314757,153.96763102641162,220.41734397138364,-714.8915922644109,-265.89003724216275,84.57467781893872,249.59741743344176
2479.1158577420906,153.87960674050157,220.48610347538036,624.8053808103647,-646.8473021631033,83.59417790782497,135.99473725752298
2490.8090751895934,153.6161892414609,220.40127116988174,224.03059285800234,700.3723584836783,84.77014108145008,17.73868755755299
2489.903507788147,153.7917592811932,220.40636370260975,-728.6525551759397,176.848050367723,84.66708483168534,283.6401134036818
2489.3508154029028,154.102208029873,220.414657121472,-727.2459160480325,216.19014839892193,84.602997220779,286.55479073002897
2501.7781652238637,154.33880530982023,220.32803630128757,-417.15441226243297,336.0645922376203,86.16540434357499,308.85355304318125
2497.218245837023,153.9404698945913,220.35649013327688,611.3348834771048,-138.4763829452583,85.53183009123286,102.76491348967815
2496.1722553482637,153.95935557193164,220.36847370130832,579.3509159178368,-285.67807626128683,85.39792451044502,116.25043731062067
2493.8150533918597,153.85130898361345,220.38307140829576,-489.53882046270064,482.6739068892321,85.10717685473806,314.5945365629991
2477.8387845581387,154.26395335675255,220.49402718692346,811.2423362950296,421.6522223851853,83.48416084355429,62.5376590675133
2493.881955236075,153.87116359213263,220.38015730496645,-671.5795077547984,-139.77168521094524,85.11751565284537,258.2426529899169
2489.451893864803,154.16576454504587,220.41304182675128,473.2180061299435,-591.0372281126139,84.61372426726248,141.3185671237862
2488.1462249393344,153.5901927601902,220.42264912918645,740.657351209579,-232.67406298752522,84.47920634157002,107.44002536659409
2490.465447011149,154.0457459548742,220.40575220684127,-188.54953160472664,716.620961146028,84.72884824672474,345.2584495239904
2460.031294696852,153.87714975941068,220.61944549836485,-1087.722365672318,-216.83777437417453,82.04451843514532,258.7242938989163
2497.4319023465005,153.77609490559485,220.3586654796603,-437.50832333032946,443.7394422855144,85.55812133548635,315.4038808400248
2486.360121515592,153.99914520200872,220.43575204251442,611.3857923260914,519.3380530287269,84.293444530012,49.65392980642408
2501.342437764004,153.7594920710905,220.3311599135064,-187.78241726889956,-512.0300586078797,86.09921012868345,200.13881941203422
2481.4319142899003,154.10553434383525,220.46696347672048,-672.3004751385348,549.8875086824725,83.81622237292162,309.2803730292125
2469.55426018308,153.66797733553895,220.54941562278475,485.9958846405027,885.969331986765,82.78081371246904,28.747347730085245
2471.2897534328185,153.9507809269209,220.53773636217647,740.1725937985195,-660.0036748192839,82.91837346987387,131.72349340253302
2491.3986404761527,153.5722790635189,220.39649069664938,91.88490899015609,-720.1668689370589,84.83593342143703,172.7291459545152
2486.364783088506,153.7493473434749,220.4328882790038,430.72011153531315,676.8508327538791,84.29387977750676,32.47207053898775
2490.5348424274052,154.04180205232188,220.40402819277259,371.4030031941994,640.1076436307981,84.73538999219386,30.123231484729203
2479.240725611351,153.87377880532074,220.48496465864628,-883.1599203745774,157.4073499561752,83.61053316528984,280.1058892220267
2487.689201312302,153.6845572711438,220.4252013458465,95.08866070753967,777.0142988116465,84.43279841242472,6.977126482492624
2506.918995928466,154.18213831433192,220.29130086162263,-263.3602313786657,311.19288892007273,87.04983145856612,319.7571516343586
2498.8622322606716,154.0697422087468,220.35055427511716,-531.1967481835621,-269.5257895628747,85.74895734509202,243.0951247294422
2509.8632325750104,154.39673256455148,220.27385847095286,252.79352023910425,-185.41400911526688,87.69577443233695,126.25954870174026
2496.800495220089,153.99073485863977,220.36136492340862,-597.3138340120038,214.30122466786338,85.47755161446253,289.73602897631673
2504.833030808393,154.11101679877936,220.29978801156324,464.4289609642459,10.800427765060173,86.6578450949131,88.67136783923524
2466.4868751120944,153.74099186527565,220.5743917331785,235.65180319729023,-1016.6618156335405,82.53514917384267,166.94990929011914
2507.0433375921593,154.0321811885663,220.2866152382724,-397.755764412637,-72.55335230912122,87.07299911003277,259.6601359898882
2494.4876142621915,153.93101993480244,220.37710811686046,172.68620439154571,-652.5944624795505,85.19393280530028,165.17891460292077
2490.542302999342,154.03208924373553,220.40662856124118,109.12983918391222,731.7244205738601,84.73701386825061,8.48260088846164
2502.1923515071057,154.128789888119,220.32681037732573,323.27958585317805,-415.51195578505985,86.2295301161334,142.1185603265052
2480.2653098323494,153.680919630977,220.46785828524472,-642.4749892432561,-607.0404965285945,83.70690940025818,226.62426252533012
2488.14159100568,154.18876967533612,220.41861368887527,704.8208483772191,-325.970139576953,84.47571456327873,114.82213389884319
2473.3276906714373,153.79636863464617,220.52461756094672,-556.2589819538113,-792.4913172641694,83.09164695446364,215.0655415639535
2484.863115982764,153.70381082213103,220.44457629681634,-659.1611646040441,-492.67787383211805,84.14591079820242,233.22370215741068
2510.6731778949447,154.61192432234168,220.264227433622,127.10758343944428,-251.24641588419442,87.91427592383623,153.1656174580097
2472.0726095186483,153.66302914089542,220.53531244431204,-770.5498326199448,-610.9788999199767,82.98098541081383,231.5879352647562
2478.5342439710284,153.941641069565,220.48933014085097,-439.7454722500588,-792.5227196899247,83.5430404365002,209.02388121277667
2475.2946318008517,154.19320668689448,220.51332965560897,-821.419869179615,467.3788654978819,83.25968335072224,299.63930503061914
2503.577265146465,154.0886288290318,220.31648561333432,493.3291639516494,-43.92849678312242,86.44577529800365,95.09205977323215
2503.3782780690417,153.89314233220227,220.3175568423075,445.58756447958336,-225.23880317120438,86.41829069174021,116.8178273737507
2487.596580900457,153.70004632519465,220.4240434686769,-696.3157059844027,360.55211569187105,84.423391383578,297.3724497317365
2490.9789017130324,153.98375634297543,220.40471154815845,728.9848568409108,77.51159693693441,84.78481862735246,83.9329356837168
2475.4015782047404,153.95318511594698,220.51159784983753,-534.5491480235472,778.2439719511973,83.26753612431685,325.51594296482926
2481.9285483546305,153.72817780608523,220.46532383494565,-197.99835784983293,839.624275133459,83.8602454971776,346.73096450026287
2498.8669097124584,153.80472729795775,220.34725970922418,-130.85501382767717,580.4705542697922,85.75410040982561,347.2956905229929
2492.923227209871,153.9904346665313,220.39197254654596,-639.9307756851251,288.6409215067952,85.00440400040534,294.2772913807466
2504.9472274793948,153.93728673116274,220.30583896408547,-428.8737647783874,167.8963767265775,86.68577766836482,291.3776582594294
2509.590982233678,154.40114500064988,220.26820764170242,73.24868234601763,314.78890097080443,87.62937917641317,13.099318254456552
2509.6502438111643,154.57041076436315,220.27057037352432,297.28760138776596,120.5829222757351,87.64549270008389,67.92472082839699
2486.5882098085385,154.10609170948845,220.4307986204974,630.7588918031923,491.1548040978048,84.31290615522872,52.094369062721576
2490.898306598313,153.93974117477478,220.40400873661667,437.4964634769199,590.8058827120431,84.77072019142564,36.52171986269067
2503.5435129155276,154.32834442305366,220.31360784351784,208.04892240984393,448.83016959652986,86.44918187509519,24.86935944385873
2500.3158924602976,153.85421916356026,220.33881160807508,-408.9022254259177,392.77753567513537,85.94923953051705,313.84729432325935
2511.8010192865972,154.47221881915235,220.25902373015768,103.65659034537066,208.1015804286074,88.25125411840891,26.478792835860403
2491.1378842346194,154.02598795437473,220.40248027810122,-0.9747383736488432,-730.5599549805788,84.80253021412285,180.076444394963
2482.212172267357,154.11415339020562,220.46155140704684,-270.3185982723446,815.3554314946938,83.88532286472527,341.65774647597976
2495.464103675586,153.84270837414925,220.36702370306438,505.5262073661597,-421.5838778668664,85.31219407198039,129.8269067996343
2507.652607647976,153.99573126084374,220.2882659780419,-385.727961364177,20.650038293452248,87.19696322364885,273.0622562153728
2502.9946115970474,153.89855285953251,220.31502211141614,445.4490678392829,245.26014890087865,86.35471027886423,61.16624649725024
2490.5537004711564,153.76383527155826,220.40059108120738,-672.5714478647092,309.685895872377,84.73369443801066,294.7233055621373
2458.1858922734937,154.36171651681494,220.63039722890755,-809.6047927885967,784.1248267095439,81.90702582922339,314.08455041269957
2492.4667668390266,153.5141243183377,220.38903275510108,-184.76128874607244,684.9688914166862,84.95342936315407,344.9039639676926
2507.8184633089877,154.26504437370048,220.28240283252936,148.331993109737,-351.36359056737047,87.23014103077757,157.11356457646437
2494.2061979161167,154.03791169388617,220.38068736064074,507.70770971016594,-454.01042803796327,85.15138318409493,131.8048968823907
2486.0630743023344,154.1720232019261,220.4378622714957,-552.3762677815004,-587.4795578681305,84.26299658145813,223.2358582240291
2506.8993755034453,154.17582100069038,220.29053285057745,-339.2399890291317,-226.90321722157918,87.0465362635561,236.2202934900122
2490.7247353986613,153.87131276506773,220.40586308805229,-38.08820872143921,736.8640926936442,84.75192894977265,357.04089825641546
2492.2419070362885,153.98394040155904,220.39547619267037,308.36551305002865,642.8922236229907,84.92677148094072,25.625815153427006
2491.811869094275,153.8079756610253,220.39909275378196,623.9602321026952,-359.3948923669528,84.87727424962436,119.94424479879932
2498.8312551228823,153.77259710094907,220.34866345883853,-569.350986490903,-175.8538212883085,85.74805524773981,252.83322296189564
2502.484241338821,154.0063991969032,220.3195624753678,262.4324631931069,448.778722358642,86.27563766358845,30.31799918547425
2471.605333094468,153.769803303844,220.53280890947403,-863.6411608888222,480.5385356107403,82.94413703620025,299.0921475736533
2487.7962282208277,154.01687421773664,220.42471709831187,-780.3688255117252,-49.779938004259876,84.43779122055004,266.34891011774397
2487.791762685833,153.7645108296369,220.42263739130723,-148.8504615509653,766.4884433580985,84.44678500650147,349.0096800603114
2490.848885553645,153.91580893588727,220.40529487600202,592.9747194837358,-434.63235346544445,84.77003160165219,126.241898469721
2507.344049683233,154.14017336572073,220.28718597196726,390.34213944306504,-62.98873002508123,87.13423329146146,99.1675420488479
2497.4171967860248,154.08478256457235,220.3571845638794,-431.3950870935712,449.6252216964291,85.55762276383295,316.18341785507727
2491.430347508407,153.9032299562793,220.40034285133277,-701.3824582514608,186.53921203506835,84.83689626742627,284.8912781970756
2496.2243013696307,153.9598132402767,220.36730105259613,440.56816498379436,-471.0949995676343,85.40452676739507,136.9190216465206
2481.8169678406593,154.25719114843,220.46738655051965,-293.09072420820615,812.6525411116924,83.84937932761349,340.1675395197827
2494.0282801076655,153.98879281142138,220.37679932008558,-589.2164686061155,-344.3403213791601,85.14183263708138,239.6963445801559
2478.4480042779464,153.63307661411073,220.4871114801662,-141.35804140997786,896.0382677533919,83.53885364876257,351.03467662197755
2492.7443472062046,153.94774460335685,220.38767500540325,-385.4281436453272,589.9511150102207,84.98559543246841,326.8412062037426
2487.8394217540167,154.31616810709977,220.42490249745128,-649.6450916643317,-432.9730647676296,84.44556187748466,236.31681350351656
2468.3055632332484,153.78808073872452,220.55713921269538,754.2634143888599,692.7348262517177,82.67967182418187,47.435090510857975
2493.4291332617454,153.98661287989455,220.38586452652365,-547.4966230356472,-425.9732751633162,85.06282648758508,232.1137910410778
2475.2050295575486,153.91380138201202,220.51216569047165,-782.0029012149787,-532.2237425870658,83.25428403910705,235.7596223843989
2486.658422274197,154.1360510451728,220.4289882818848,-724.9454296720237,334.0030230201864,84.32162271774065,294.7351857501451
2481.2826237287404,153.7718632530011,220.47112815566234,-742.8079888235629,455.51277701743356,83.7974585707193,301.5177815338437
2478.430315734811,154.16189471404002,220.48439283585228,819.989496242132,-387.1736336412231,83.53876192064115,115.2755410593506
2482.7320437077974,154.04375707043147,220.4565545271755,-269.8805841096476,808.0134200459871,83.93672574973728,341.53010229824184
2491.7617058275728,153.7711909435941,220.392916929112,181.78220695437216,696.983055957573,84.87608520661112,14.618423009788799
2478.5250620075944,154.2389727761631,220.48867008519485,859.6887140539677,-285.8049313791913,83.54467951456293,108.39171104420386
2484.4123300768642,154.13326748320486,220.44799445102586,-175.5990790307674,810.102396606322,84.10162148408277,347.76922169132325
2495.785923447757,154.00789709668155,220.37075710416764,-532.1644066438641,-378.13603293016007,85.34967594067152,234.60247270766718
2494.540918325758,154.23711823221583,220.37826202723934,-550.0780681904367,389.83940860102547,85.1992516738392,305.324177227055
2492.5190642514867,153.80082677144256,220.39238405541624,-361.90623753216715,-609.8963219199921,84.95424387803268,210.68376605759474
2494.3459079755944,154.13742758966762,220.37835570233452,183.90596440973724,652.459818208823,85.17386591482757,15.741919857970599
2502.0086775008817,153.96464873932536,220.325165934386,494.0712702634278,194.3423582511396,86.19924161164393,68.53078201440155
2489.4338257940694,153.86693990629766,220.41014713290477,152.77272406409205,741.8955339512491,84.6126581110125,11.636176094698513
2461.012949288293,153.63067128138164,220.6113249390531,-50.88818812852975,1098.2275398787867,82.11888596221534,357.34696313243376
2492.198267704844,154.2300033372472,220.39216443840155,-110.58474396612905,-704.3914529784876,84.92581003928395,188.92215962885004
2490.323875829772,153.65670795187052,220.40603621079782,373.5807444845639,-642.482877333019,84.71424648242372,149.8236748053612
2477.17027406307,153.99374232480346,220.49849645594162,-644.0377240946641,660.6950831880155,83.4240971271898,315.7315095786591
2491.926042431158,154.09501428894652,220.3970073290511,-715.5694593665975,65.16900758418821,84.88757057414027,275.202975759958
2495.017616326859,154.17179122636534,220.36951074613495,572.9897964677134,340.2823031542875,85.25404298369071,59.29616947366935
2486.1993670090965,153.9764691543125,220.43726026839695,517.6955362435148,615.6039073399173,84.27816262577355,40.06389659246686
2499.7230672421133,153.77079093856767,220.34363428291775,-574.1311895200721,70.8033577638198,85.86931796607588,277.0279047145111
2477.32169208013,154.0651288759258,220.4938774717018,-415.0381739019383,821.8181981066161,83.43829940316066,333.20488656335397
2502.795022479668,153.99699440147987,220.32049526573329,-509.53795738053793,56.67181545276181,86.32551927997247,276.3435708585698
2489.8891195040005,153.77577396516836,220.41024311324477,111.01749756823216,-741.9869343408129,84.66376232449309,171.4906866071225
2503.175869126145,154.2967391821976,220.31846603293982,363.9507936155176,348.5516518681068,86.38536737117731,46.23947217413643
2505.7651169094647,154.2128294099221,220.2983211139979,138.1203084045639,417.47707324444144,86.8290200899441,18.307242077249835
2473.7660505263866,153.6709824906461,220.51867376387497,957.9009212515685,-98.09643512034228,83.13114770640225,95.84736687097977
2499.2134517925206,154.01337576690435,220.3368779695896,-586.4635485477846,-41.328352389845364,85.80306985941324,265.96657662572454
2493.2341680170316,153.84797720759312,220.38625716082402,510.3739893991634,-475.82688501615485,85.0345134540976,132.99471791089394
2496.318607674235,154.02252166924822,220.36425550776536,335.74523411917477,548.341862232852,85.4189788710878,31.47979880687472
2502.6279540328987,154.14824593396744,220.31836119622346,237.2632364598593,459.1293513258504,86.29670736850916,27.329715792246855
2486.752136681512,153.8774455734607,220.43168414071346,39.92994676825181,795.7322816535243,84.33289100308559,2.87273678915136
2496.6786867310716,153.9225083804672,220.36247545203983,483.6462431027528,-414.3611451751554,85.4615276695196,130.5895863480362
2468.611638950918,154.18630622394454,220.55444338069447,368.5311286214906,951.7374738350359,82.70379647884526,21.167477894808748
2504.262329925661,154.4324537275375,220.31212299893218,-195.76822795516398,-436.3459525938811,86.56262963204136,204.16229433967834
2481.5526870465083,153.90954815874534,220.4615164033707,838.6608943978162,-221.95385432050486,83.82419552193029,104.82591614497069
2479.0110403074455,153.80445152820698,220.4863559824331,900.336811000578,-24.948440661834898,83.58492024802207,91.58787258512204
2504.090694562986,154.00149255613442,220.3081255466574,-309.1533130694385,-369.2384958768168,86.54045215602537,219.9368419393052
2501.227479843285,153.97486016673247,220.33241151129172,-199.1103623499794,509.70790799285453,86.08630773109176,338.66129516166023
2472.7838788016375,154.18594950969563,220.52605035766928,-512.9625219331355,-827.8038764929676,83.04873689924558,211.78505048113925
2513.6796391846115,155.49256950418993,220.23933375932592,27.4159484517656,-111.97847001830422,89.06425402929953,166.24298943447627
2505.531146827594,153.9838041462993,220.30193419347992,-106.2420705975119,-433.3045976365017,86.78499106190618,193.7757944301907
2502.859318260344,153.76221811531965,220.32041909447997,443.8238339671114,-253.2877037917728,86.33729472117875,119.71497951162507
2500.110099226591,154.30570667641607,220.33854263826763,227.61892195583198,522.5171771633865,85.9276257439051,23.539641205154744
2507.4696153350797,154.31389446543056,220.28673573274418,-308.34254624957265,241.91009678437416,87.15798832417833,308.11427019916624
2497.3097738352676,153.72757698318546,220.3555214404814,116.95357614548672,614.2862555723099,85.54308945687069,10.779925955840275
2497.1110203375847,153.87141097867573,220.358598377866,6.470876730247322,-628.8493786695269,85.5174933685404,179.41045989279738
2505.949146505641,154.48552469968052,220.29297170943224,-74.24302981819906,427.5375958001923,86.86857914798553,350.14800507002894
2476.9418667801174,153.94818788323454,220.4993672806036,-722.3268106573458,-577.8592654004251,83.40696674100042,231.3391281354821
2476.6972306306457,154.44172489292228,220.5016007318415,829.9808463498453,415.4423307233607,83.38243306951976,63.411860887701316
2482.361747564498,153.90857900174464,220.46324394273532,373.5393167130534,771.7957937497016,83.89749073104778,25.826926903611152
2502.5453897888856,154.0781437062668,220.32146529501705,378.23325656340114,-353.5323770949388,86.2902539348542,133.06697656052629
2497.8248908622995,153.71044671078766,220.35426104044078,-515.806393897344,-335.31416425669534,85.61357516075049,236.9726213248454
2493.0003913423297,153.76665595634063,220.3916551996243,700.8771258554068,-31.11318926757549,85.00801651564124,92.54467567529063
2501.6907215976503,153.9885310638502,220.3299561306328,-47.2603000977513,-535.1356524890302,86.15548885512692,185.04688682362837
2494.0287998804943,153.67706364316555,220.3825701084217,581.8171710781254,-358.523935531373,85.13605220327922,121.64314002826053
2482.4289490397264,153.64589962457626,220.46270401123186,-557.9777116563022,-650.0004185846643,83.90372561207616,220.64247368321753
2476.537199963213,153.76907977260828,220.50025026183172,-130.09492123960618,-921.2833453621703,83.36848884112341,188.03766083007469
2487.5634552043934,153.9256140818587,220.4247052205821,461.4863203467863,634.5409678346555,84.41912859834008,36.028144344518
2494.754069562314,154.06975882503792,220.372746403434,199.44545779105763,640.4724965196327,85.2236240524161,17.297551269926434
2479.4394459192827,153.9856257776334,220.4801825192354,867.372289046981,218.44884260990915,83.62935187855962,75.86535839858222
2495.0891192465624,154.22093759126952,220.372514979054,-19.934438725524565,-664.347803218473,85.26625971358902,181.7186560383305
2492.650099262458,153.9043262168925,220.3881858722791,-255.56582400801753,658.5584274680599,84.9737047426534,338.7894246903785
2483.7280566638697,153.82201563498046,220.4547434318867,-690.8684339399477,-476.54894267049355,84.02825129677976,235.4026746893587
2483.0570109133887,153.61097205263118,220.45305021668764,323.17154411667775,783.4117755374829,83.97030107153358,22.417872198605195
2497.1247484543233,153.88916675912967,220.35901949168783,613.3021387644045,-138.08996712597803,85.51922551448072,102.6902751127673
2496.1988902787025,154.22460388959774,220.36627411834556,-265.0698592007268,588.6033157291495,85.40046871828812,335.7555895353292
2508.560275751336,154.27148113048324,220.28071980733813,-311.8415657837045,-175.76275770423786,87.39105116475233,240.59102077794645
2489.336445413114,154.10981318612434,220.41569869345847,694.6139051551628,-305.5470155931289,84.60193243448452,113.74542507160363
2494.3495782513387,153.84452965598504,220.37880143887833,640.6934003567494,221.52936831019795,85.17439134344137,70.92732888816796
2493.327753609374,153.917375028522,220.38725057426998,687.0616848026107,-108.6984193550988,85.04976192837765,98.99127560152155
2477.6401761083885,153.5909833988572,220.49043870056784,-900.988652145931,-171.05711133117055,83.4664770847802,259.25032294912563
2482.5243092111036,153.9511143275089,220.46093413913198,-645.64839427174,-559.5822068818607,83.91874913662608,229.08402622722113
2490.061091110909,154.15149750217236,220.40914242203203,-311.83444346741817,-678.9784426543041,84.68445069556316,204.66688341448685
2510.171254267473,154.81529336258544,220.26542507513506,-41.1426033397818,298.1140593266976,87.78141038551753,352.14237361464717
2512.068374603338,154.7863381285159,220.25627065710748,-26.20727281920136,-218.65087273351847,88.33535603023623,186.83463410870272
2487.981117506126,153.8200155151411,220.4207772244753,752.2190324823047,-201.38100029757982,84.4616451901154,104.9882915347393
2490.148731106435,153.90559925934994,220.40596531629302,646.4685053919952,372.36275813174535,84.69348944075702,60.0604743103692
2508.681611546403,154.43414029768726,220.27675504705286,-348.72475912968616,64.93141131298604,87.4131542313777,280.545170016033
2501.604267139522,153.95163798510532,220.32436256090102,470.4271120993474,263.2141043031948,86.14289803168262,60.7746409132929
2501.202690486811,153.95431375556961,220.33140449834818,365.90853772792997,408.1659346311665,86.07982659154209,41.87788167134957
2500.1847174420705,153.78186491524298,220.33900271000968,-548.063201354486,150.94947488442773,85.93893192090049,285.39766832206186
2484.106750110722,153.68231488316803,220.4521357841089,684.7617602883192,476.5955387555021,84.06464523333742,55.16181964205281
2464.0637773613103,154.10218511089437,220.58606188916127,1050.5717207573389,193.48015998859756,82.34988142232235,79.56680964288721
2492.993657671745,154.30892937638998,220.38796527326997,699.0041425049078,42.98317452153852,85.01515928909943,86.48216172492522
2466.5824842685956,153.7716309340476,220.56930379444032,829.8793026820031,631.3089460816466,82.5415084294513,52.73895675173613
2503.593832671263,154.10359840400548,220.3137153160112,-263.99929153708297,-416.99774418879383,86.45742946474212,212.3366253118963
2508.0171647316547,154.24544316181124,220.2862250915065,310.69665679136773,210.7303231342868,87.27137880622809,55.85403550384743
2485.5727087018063,154.0142195117865,220.43894755633147,378.55792410097087,-719.6681020158583,84.21475407353589,152.25587761689857
2499.9801024935723,154.21660759507893,220.3377770538054,207.29918299935977,534.339881575663,85.90561980477294,21.20427170165312
2488.3878097318893,153.9771378901654,220.4157293611012,768.9797996388953,-72.45736795656116,84.50586298594047,95.3838504925348
2503.564542827117,154.08663506088118,220.31694252937277,494.05424502020173,-32.10081812357675,86.4470228318033,93.7207362574241
2507.212561082562,154.2263309498199,220.29157314094448,140.1643523119806,-374.5467999352641,87.10303406109688,159.48308754748442
2463.0114802686444,153.70922149113844,220.59424846249541,129.21498605863937,-1071.7311261816835,82.26762606609682,173.12521836754541
2491.6812765523828,154.029427051662,220.39601282769954,448.5496815273699,565.7510116944169,84.86346794066823,38.410656795614685
2505.8588581589347,154.32487083313376,220.2947453554235,402.9459141217959,-169.28079233880354,86.84714379060922,112.78997792068392
2488.832674510024,154.1593822321405,220.41426985012754,449.871876462075,619.9550400797324,84.55113813016406,35.966699549905414
2497.0134308000233,154.10358273794975,220.36178218049744,-505.6390005838436,376.91128146114175,85.50482269163287,306.7009930889044
2491.684440844043,153.96843301557155,220.3963391698879,-212.38144323876168,689.507383234349,84.86688726540912,342.880238107653
2488.238802718965,153.9362362643642,220.42196472739292,-538.0469215990043,-558.3663947210399,84.48466935401358,223.93686475590619
2497.644649566858,153.63660192380456,220.3582209140817,-513.7455676388802,-345.4006885471978,85.58675484848798,236.0840766922082
2473.6501158044866,153.61324351701546,220.52342125681716,728.3180300758982,-633.0083593876495,83.1167021592731,130.99481220965168
2496.5472633345344,153.85953889385505,220.3618215235051,631.367688491636,-96.21522305481211,85.44935987277822,98.66653805843963
2473.8305624994387,154.24325438068792,220.51859020135555,292.045555111719,-916.7888619179479,83.1344012563429,162.33034808886953
2499.6057050874556,153.9641394560503,220.3429714109584,483.0746644201179,-322.81431716865075,85.8512162372407,123.75457299941003
2501.5922561633597,153.92516196768716,220.32982417705963,-523.7037283618187,-128.90796400416951,86.14083944055523,256.16915304837096
2482.63439491564,154.01960015592965,220.45755057772675,-445.6977756253613,-727.5660043414517,83.92691425068885,211.49012084560243
2495.29045553858,154.02280088508792,220.37427809468034,298.8139930699475,590.1056673545701,85.28927905023409,26.85696110615774
2509.987999283534,154.40044952765544,220.27157917186491,-139.91854161672012,-274.6091949087028,87.73214249551809,206.99975984007372
2504.4218804938787,154.03051012073666,220.30881701544652,345.98618171820493,-323.21492657709916,86.5963294759757,133.05331328965326
2497.8921867238137,154.03196431741313,220.3563306082176,543.8838910623463,286.80117714717863,85.61532816763764,62.197978857638056
2472.6805709246123,154.15254620895868,220.53042546120787,293.29394836072555,-930.5330032044016,83.03546474729752,162.50595281844753
2486.1148456148103,153.9256235803686,220.43557086343398,-72.05453123322353,802.4360698628153,84.26895477362648,354.8687960757315
2475.729190735096,153.782866610765,220.50409023600525,-559.6736180819802,-754.895106724919,83.30031951676284,216.55280396766585
2498.1761383848007,154.19788271257264,220.35332621671716,-522.731981327768,-312.30503638967156,85.65635465830412,239.14336375913064
2496.9647942458364,154.08470574720423,220.36146534039912,-611.722040234154,156.82017912199154,85.49878362072718,284.37702653604885
2498.236872093013,154.2937928792826,220.35375536206524,-559.9488053382357,235.54571940723972,85.66624936829746,292.81114803713405
2498.509439729503,154.1228960022842,220.34548260291982,590.290949622269,-122.34869959493624,85.69878673138392,101.71169080740222
2489.50753863923,153.92323808991387,220.40599314046915,638.0487037932162,404.9347956851552,84.6248669042479,57.601538891588774
2494.8984761867805,153.8350672306278,220.37715151883856,-139.9883600968754,-653.6173663744238,85.24053150445881,192.08825900272953
2487.859159699322,153.74396593410086,220.42372427883075,567.2096467452391,536.0969892950733,84.44925279157832,46.61504990624225
2471.965285576047,153.89605473580662,220.53121779139576,467.3595128619879,865.1369635130417,82.98034554126286,28.37849604340605
2498.7143132401834,154.25564161339014,220.34727137914302,-581.8383578452417,140.67602134316905,85.72800373952799,283.59012243933853
2485.8961376380985,153.82797940095313,220.43695214542086,563.6317278373131,579.4861804743674,84.24968772565994,44.20611548150107
2502.660021845944,153.87897539353605,220.31861123996333,-239.8409886421523,455.7177505433186,86.30978755288263,332.2422469691637
2501.0362413739904,154.08918611140248,220.3324498601963,488.9446690980939,254.61602465603264,86.0578323009615,62.49404653157353
2496.897330447648,154.06031072690075,220.35189547272176,-300.01570597782234,556.304599462968,85.49519016280301,331.66153765747504
2486.18689741571,154.24856397951731,220.4376423830768,-455.9837309110766,663.453746648593,84.2725093077121,325.4986794678873
2502.172222482545,154.08786940788414,220.32124578889108,105.38708979344314,516.3068322472194,86.2266614184684,11.537191434547417
2473.048444118043,153.73167468585643,220.5255687991446,-228.3576797461226,944.2487196545135,83.06830500797021,346.40419012072465
2479.212148222023,154.1582352185354,220.48485580827617,370.42613720564526,817.2334142284744,83.60805343478545,24.383267578324443
2501.2213666177727,153.93537400550642,220.3323633980916,-484.20751848255344,-254.79635647131246,86.08663086056175,242.24481626155412
2502.501017136751,154.33708063774907,220.32318039678506,-21.778130638927603,518.4692880207168,86.28163907035957,357.5946355652444
2457.2314175681513,154.06942772629768,220.63548897047457,-401.6718978668683,1062.4501682092477,81.84230208216073,339.2901954526507
2491.5725456752266,153.97778548505522,220.399407324881,-706.8379446393363,155.01821206769714,84.8518213854904,282.3670928204369
2485.5084821060923,153.95333189629036,220.4397258371686,424.48290740289536,694.3056780375707,84.21055824344961,31.440764979717265
2497.4294365065994,153.8273725843516,220.35697965732865,610.1459412425532,-125.14072698460674,85.56000471489067,101.59417128038453
2483.577414371598,154.08287587363316,220.45291372459758,378.3121898969634,-750.1451041903873,84.02094138285707,153.23793034214802
2489.6292707029174,153.95584676387386,220.4122738645285,-304.63324599915944,-689.7064403670616,84.63669578840226,203.8296357705065
2507.5156917720765,154.32963531119586,220.2868432928412,-374.8059213244752,-111.60102057082118,87.1637436608769,253.4189920766008
2504.568970899189,153.86174900617996,220.31055087279896,-408.33369550771783,-234.04014886176537,86.6161877457359,240.17763795085426
2478.7188562184956,154.01669930895991,220.4884912760601,894.9982051390772,-124.786954402476,83.56229107430659,97.93922397978785
2503.4879170687464,153.99118796837175,220.3133858944734,276.1342724561665,-412.8953339013979,86.43588632192558,146.22653377018958
2480.7505997973485,153.89361180969541,220.47243466955942,-732.1513513848771,484.1471935073647,83.75060280616323,303.47400151626874
2481.19383628156,154.04461725651618,220.4717754993179,-178.07838942698407,-853.7530707925708,83.79046685719412,191.7817663904314
2513.1067560697957,155.123136878842,220.24701812989778,83.96751890928572,-134.49965945872856,88.76144991717489,148.02352998021263
2469.870680286849,153.78408729272934,220.54851861854715,180.70054321268222,-990.6344751255715,82.80608938843532,169.66270882194016
2495.9643019026594,153.82482979090133,220.3669538923798,-617.3600219318658,200.42016448476636,85.37647350097933,287.98383267912186
2502.966468214914,154.14171589733147,220.31934722705395,-34.19048122541308,507.14768975089066,86.35561504501656,356.142970525692
2501.8867343673996,154.16361799813092,220.32779363294648,134.51686848317686,-516.4379537807629,86.179577257597,165.4014602501919
2505.1895461765143,153.91477926366565,220.29653535055655,-291.7108726025467,347.7094961069755,86.73203654647453,320.0035281774616
2509.63081370858,154.2084012604815,220.26822108184095,-306.4425540712163,-97.8692636727923,87.63987749592644,252.28723306182508
2476.5234119222155,153.7738223100772,220.5021556457345,-929.4997049283567,47.263554339045946,83.36655257114018,272.91063961574855
2496.495527401336,153.82439087969954,220.3672105264926,-562.0488405821613,-306.89672772874735,85.43740177732626,241.36209781533773
2493.4078760978987,154.23867570371482,220.38731306756534,541.7587651949713,432.8441264744112,85.06392069239142,51.37767334714313
2484.5339353193526,153.88409407378143,220.44552797458576,654.7122072069926,506.5928924579072,84.11035391847132,52.26992707032037
2476.5493784787914,154.05506198349946,220.50089016669978,-923.5847461070766,-110.22017446686762,83.36932538868388,263.1947605756343
2476.126378468356,153.95284231659093,220.50083701229138,-924.0243602246622,-145.05614094021635,83.33176648581943,261.07638175883363
2495.37892125511,153.81849448329191,220.3719178132712,112.90682432591096,-650.2959621930162,85.29956720945516,170.15073280838536
2500.9697453179583,154.03968727853825,220.32803406142034,551.5666242713572,-28.38939223796341,86.05064662605768,92.9474298672163
2499.446782142037,153.87062422616575,220.34085222152916,-556.5104338672332,-174.6518286854988,85.83577918420484,252.57569598007981
2476.2805229482005,153.96326420534126,220.5032806041169,-476.7058002996641,802.7597610857446,83.34427185604207,329.29674020614834
2486.442373540106,153.78480964275147,220.43356778400002,699.594034346238,-389.72297184700614,84.30384170060039,119.12306273413104
2477.9409720921617,154.2888796959514,220.4917926972749,-91.33567043011719,-908.0119657434672,83.49608145466323,185.74389787997586
2500.2518837224256,154.14009415371146,220.3386299847319,-233.65437626132027,-516.8990909827272,85.94632856268748,204.32323781786036
2507.388489677249,154.2599247001407,220.2849692985832,-147.00796035484143,364.2525327290223,87.15193312810514,338.02075829056577
2497.0443973003057,153.8712444627734,220.36006005235095,352.2219218124647,-522.0373940768386,85.5113810686241,145.9937478415265
2507.15856796767,154.16651088172287,220.2906180210786,161.29325560269487,-367.7100882185445,87.09186793673297,156.31677255022163
2487.8251623156125,154.0655161762006,220.42340105004504,274.7289611674801,-730.8006378639441,84.44600372593834,159.39818842853518
2491.6551558560122,153.6907974463492,220.39872674322007,663.088039322591,-288.14250190103274,84.85718534947827,113.48784710875557
2510.0134319001954,154.48277507678358,220.27150706233232,-245.48637068923938,-184.88196093185442,87.73800518159675,233.0140494094853
2492.0563774214143,153.89623320484446,220.3962655980026,692.4948427190157,-181.6465584694389,84.90644675876881,104.6999670989037
2503.174999357776,154.03209409453447,220.3157630416711,-438.79374791378336,247.3178282168917,86.38762975349204,299.40487618845566
2497.223737986787,153.66446192252835,220.3566933160139,362.3143013572227,510.42774625242697,85.53866830868765,35.368949613699165
2506.491498965336,154.21789058760854,220.29638559926684,-192.5316104211454,-373.1943812778662,86.96514639879061,207.28788449495525
2509.5500844539656,154.30961376240657,220.27554485555763,283.8178058334591,-158.37794910438095,87.61696344482854,119.16367663223733
2503.646225144155,154.12452776165472,220.314016051583,232.34395114616672,435.15751457071167,86.45934856284862,28.100046274423768
2502.203098733062,154.36929267512144,220.3260986883043,47.856804394862934,523.8347677806815,86.23244965436437,5.22007356473261
2502.294651402111,153.87318089636025,220.3220690412384,-233.55704450610864,-468.52233170193966,86.25070191745927,206.49587281407815
2439.167114432657,154.01132527291477,220.764917647452,-1009.8671439674563,-810.6290711384938,80.6236674657114,231.24584718145496
2483.4315998139014,154.05772203265442,220.45227756080212,839.49764410562,-65.6922006355492,84.00730781197485,94.47723134238636
2507.445027465631,154.29558686426012,220.28894978357354,26.211450359759084,391.2431941744473,87.15651297809335,3.8328489624594164
2493.194710748685,153.56315292065054,220.38847004869774,-30.893557643740223,696.6435354801688,85.038528021023,357.46072349177047
2496.1941839377514,153.9829362668125,220.36747053229152,-148.7985040259724,628.1474712652993,85.40121071574175,346.67244240317314
2455.6902827463273,154.11993525676712,220.6489518833451,-1121.9323519627333,256.05012265251355,81.72930378316372,282.85602613813165
2476.704383934711,154.12070538247946,220.50014410190525,396.1573313739107,-839.5264260162005,83.38257421463366,154.73835156145003
2484.290268633491,154.06540233638236,220.44776277915332,-120.11791925211162,-822.2335518213856,84.08698508532646,188.3112433067471
2472.508103228672,154.11812443124637,220.53052321012635,-767.1283187943806,-605.4895120765183,83.02362175303851,231.71485933984127
2486.6002563730544,154.1188109637408,220.42941745620334,797.4735553044027,-53.78435896797157,84.31397815274141,93.86016930871077
2486.876114385967,153.65760501705574,220.4310281983048,453.4179013318795,-652.7992365891092,84.34699408603275,145.21823786017936
2489.310893630762,153.82009115670445,220.41327091824277,716.5564664970365,-249.49582379330045,84.60340390548238,109.19972759061571
2491.8200615247,154.0754197240698,220.3874342890012,656.004988445722,295.18435104110785,84.8816131682784,65.77524142877625
2505.3373533770337,154.3463195467416,220.29932455427365,-211.04095966172238,399.3458330387749,86.74652811784082,332.1433339775871
2481.937162568147,153.77329868932276,220.46281575894935,-752.06699416482,-421.47376836187,83.86361914370444,240.73056993031855
2492.883300344619,154.29339902765713,220.38661217988428,-386.67644647693646,586.5772552246331,84.99969860302198,326.60545516229655
2483.734194497022,153.8635243680792,220.4477271131771,533.3845618867994,646.7489101497903,84.03506528149052,39.514051234448154
2499.4765317690035,153.87941686543405,220.34154042154847,194.33027498829017,550.7036930491075,85.83101915398272,19.4371313799223
2469.6333415427184,153.94055436187392,220.5513945410469,-153.24041239424326,-997.7884773296626,82.78705022543343,188.73133938014658
2475.242287079243,154.177397268768,220.51216720885424,903.8813564032673,278.27909168624916,83.25485339980331,72.88835172015696
2494.967105681543,153.5997764228684,220.36551485546255,500.3709047478537,440.15424203453006,85.25567905271174,48.6647576663327
2495.2746062256856,153.75319505926595,220.3729528273275,-599.5535917866816,-279.76071791024236,85.28874949043187,244.98372558785422
2500.58313469636,154.0676575268138,220.33877176582905,252.64561868997913,502.1273694689535,85.98293501716857,26.710841961338893
2477.2980489797105,153.7637920446281,220.4926680054372,-746.1645295239624,-539.5492876725236,83.43848289551833,234.1293914491239
2472.6050100084735,154.13469688642914,220.52974658051002,285.54018360286517,933.4773138484477,83.03205059968727,17.008540422807418
2487.973536522917,153.82331626918307,220.42489747714686,471.5502086986142,-619.8560720723807,84.46058203264539,142.73937136391905
2513.8264784686826,155.47004504664224,220.24463108199035,62.378357675556195,-80.19799205706968,89.16099471552921,142.12464883638745
2493.2320331204032,154.1686321139152,220.38523649546883,680.6576496663207,148.2727731020063,85.04176597369339,77.71277579530444
2492.0146079551637,154.43436285945762,220.3950895479492,-646.3578913954015,309.5787950752474,84.89959972675152,295.59116023160476
2484.300807263735,154.05925373543153,220.4480730824036,-148.25939564810943,817.0038909268158,84.09144391347337,349.7145823368632
2508.1773089416693,154.18731850437814,220.28509745858875,364.5442751021036,64.9567319183033,87.30664864420193,79.89780622187358
2503.4488001853874,154.26967673517694,220.31599551755136,-224.6885682253474,443.2175332918944,86.4340445626395,333.116198138778
2493.015009707955,154.07300673436328,220.3883818771418,-125.59602342727368,688.9440587060559,85.01624708219215,349.66785270124836
2504.5080375575963,154.12356084698422,220.30895400771513,158.09553846784704,-444.2237703081915,86.60958598491538,160.41109826338882
2496.1632327563448,153.92871053880287,220.3671808794616,-544.2676078791739,348.7029811941419,85.3951129150107,302.64527285801836
2504.4653000693297,154.04467574242182,220.30766465696675,-414.34393147916927,-228.83955915954013,86.59730252390162,241.08560267727486
2480.1899479964854,153.97136340795888,220.46917672708057,194.38878041897766,-863.1465834035993,83.69924988701129,167.30857644608912
2489.424547286358,154.13525471495382,220.41145636909366,-237.07116523128516,-718.8832704101509,84.61511329600472,198.25098939217344
2491.448898433323,153.8954184561593,220.40143139634068,724.1835115417181,-47.31329944297195,84.83711228562571,93.74012914686732
2505.808436661995,153.99738207839502,220.2935759178128,161.9119004788708,407.4874288451133,86.83804563853965,21.670922312633465
2478.5628680113705,153.94076307451877,220.4827752845168,796.6717010744518,-429.7928364609574,83.55125054249055,118.34733827303452
2470.9763831812365,153.86506685119522,220.54105561699262,987.3300867397882,-123.76606227557116,82.89403455957391,97.14616032612734
2487.2712372472884,154.07433568141164,220.42708772517682,-428.5169476467559,663.2223767470379,84.38308394512423,327.13285652080117
2498.5728144940417,154.15407342778227,220.35146344159014,544.2422007712607,-255.01298872530614,85.71149294450645,115.10628805322827
2500.8598890423914,153.9608188805388,220.33552268168157,-335.2529342917489,-442.2178165448653,86.03247032812752,217.1650779413318
2487.708399108562,154.02010013324224,220.4265517701642,110.16592148898721,-774.868801882857,84.43251846442112,171.9086128639445
2491.218296964241,154.0921123993604,220.3998089185012,-130.6592840294315,716.9578863479342,84.81530349967413,349.67126103352643
2472.083798235147,153.9627821174539,220.53535990472471,982.1335200594912,-15.31515286509107,82.98802612270029,90.89448370730068
2485.3580457707058,153.8993546405259,220.44138442215407,-683.4526935022918,445.753029957171,84.19523710019098,303.11164492328436
2504.841788776049,153.8393801611126,220.30786630323388,325.8301158045462,329.8982390187537,86.66451062664237,44.64668436281893
2496.783852732174,153.68884275328114,220.36407467832294,384.99417743392524,-505.32584634659327,85.47344063034276,142.6981036200383
2508.194717009896,154.287732088569,220.27874838458726,338.13061396466077,-147.5481228760944,87.31575666679183,113.57717209992141
2485.5906336652333,154.0003312488575,220.44044546029153,728.0549115216335,361.65615292746577,84.21673778212991,63.585509700163925
2508.634020461861,154.39039641701896,220.27780608326935,355.27965813968825,-3.8698104736333714,87.40920516995966,90.62536117190213
2445.4551525831585,154.1117288170218,220.7198446428625,-593.7488113705024,-1091.2268251883495,81.03038184226776,208.55125643948728
2509.2715599281128,154.32375599883338,220.2737448702393,31.763085574107638,333.3668085989272,87.54941540001592,5.442764854792821
2490.521215668613,153.74837157152402,220.40261696037723,-277.62748586817673,-685.7354830793015,84.73787998033032,202.04089722777042
2497.441258930426,153.81787759320554,220.35912134401866,-589.3135832574098,201.0110815128357,85.56145230591184,288.83128861671526
2472.859142248541,153.92292581292918,220.5200810510895,529.9586410579877,816.1623805753645,83.05505865754608,32.997171882438906
2490.357531507456,153.98813455633965,220.40613267256478,203.20737658604386,714.0844945122287,84.71872133394524,15.885353238523741
2489.6278558139506,154.22052377849724,220.41284839626417,-600.9623815052739,455.2128902599619,84.63672685506815,307.14210347168955
2499.6854902427767,154.02118765356593,220.34408822377915,-484.79847934192065,317.02286546029114,85.8634878498321,303.1797953320573
2464.5184763346037,154.21281463074502,220.58205652545826,1060.3655703288157,-85.57862869907258,82.38233533695976,94.61387973037922
2501.2665272170293,154.0024010563767,220.32478058442211,481.3304407261405,258.09124637236505,86.09350819342589,61.80285392272657
2505.6622411414164,154.0914188071954,220.29326001336452,31.578430139254174,-440.95655422835864,86.81291351698549,175.90384354990232
2512.3534125003334,154.49979270802407,220.25631204695742,-93.86795341955781,-181.32612997724075,88.44596726268225,207.36912969612197
2438.766462042641,153.87845856331265,220.7664057664662,-1229.3494755177212,-416.3785767160242,80.60106910119497,251.28894391747997
2491.309439078852,153.54413045429874,220.39603967784402,-353.4513483658345,-636.62492927126,84.82090944062807,209.03824895888934
2489.7187154921903,153.98263359068383,220.4097286947701,709.322164214442,-250.28173200756484,84.64951741135293,109.43647488475403
2469.8627051867124,153.73333953537934,220.55049215505318,504.03840900915736,872.4217584698457,82.80233423115253,30.01656280818965
2498.8872454774328,154.36811337563344,220.34672802718265,124.44237944856465,-581.2805110413628,85.75650871634662,167.9167054487303
2492.6425994477772,154.15924294611835,220.3908490645705,539.4519993228172,455.40746939117116,84.97582133640472,49.82996198906455
2482.9767314813175,154.1303867697503,220.45764005269953,-330.7974569837634,782.2103818647844,83.95545327798126,337.07620758646397
2496.56963212389,154.15691752484975,220.36021974481378,216.14995437768795,-601.0105799436864,85.44823806760813,160.2195940882909
2512.037556762002,155.00135084256405,220.24943277177331,220.02184016804293,-16.405535564081028,88.3322862671121,94.26498986899293
2487.7353425971687,153.71459407395642,220.42645294125168,-777.6566636702755,85.30538571633663,84.43619857439054,276.25849046987423
2508.137051103331,154.1734210149595,220.2758282306896,-367.44784744734676,55.43083201502147,87.29755918116439,278.57540032216446
2504.180510587896,154.08419207166205,220.3123947865726,403.01888414349884,-260.8537884220683,86.55070212746928,122.91596597875031
2495.1397613233257,153.97456760087314,220.373663106492,198.53375101039805,-633.870513101849,85.26968719271527,162.60966638141218
2479.8491396577447,153.84143729547367,220.47753934513787,582.2092697663247,672.4837886625077,83.66578689918776,40.88547878691805
2486.9620342609755,153.99559014420825,220.42782512163294,467.3959512872607,-641.20983481237,84.35548319346694,143.91196374297428
2506.3675706937347,154.01900537090418,220.29721028881653,-229.99342698794584,-355.6890785484018,86.94062268645308,212.8873285410785
2482.616944786043,153.71895594744316,220.46141129950547,639.0222636977174,-565.860897559504,83.92571606994838,131.52641339681267
2500.4002986326827,154.20856261981402,220.3358935831566,241.00016719345066,510.50237308880446,85.96550569363117,25.271638077613634
2490.1724134221986,153.866909990221,220.410065717368,98.65889699724477,739.1814334140973,84.69565668755796,7.60231178239966
2505.8603752412428,154.05187336059365,220.29393348729894,-427.89025492872173,85.7319269346119,86.85227401750343,281.3293698225421
2492.327354459537,153.71404230479482,220.3950841997139,511.44886155100465,-494.91067631986397,84.9367092999746,134.05956299420865
2508.33730289808,154.40942389185264,220.28224251691424,173.81920740340755,-322.5877296507759,87.33280081746645,151.68367516844825
2475.5791781298985,153.7527864350527,220.50831675976448,-509.21080452845337,-792.2320660174977,83.28551901417104,212.73027574849098
2496.4502086174984,154.08635830293125,220.3655785245834,-585.3430486532766,-260.7639541031219,85.43379844573705,245.98591379702728
2500.787875507932,154.20165068515203,220.33330228980722,-520.245239683622,200.1728509511101,86.01488973868771,291.04203639308525
2486.5531952880774,153.83109496014242,220.42959281248537,726.5824897833045,-332.62089496274626,84.31604190291924,114.59978254075368
2470.5140502874688,153.6844463142412,220.5428313390687,-133.28368323431528,-991.4055991995698,82.8559626073026,187.6568140280466
2492.1588268611363,153.93491857525564,220.39608117577407,330.56144200819165,633.1999964134368,84.91802883791499,27.567304009137846
2478.825466304517,154.01525711486943,220.48085430975829,-723.6068516234437,539.0526914855669,83.57218548826249,306.6846044242447
2480.0617838835315,153.90189537940827,220.4763417759006,885.490515354246,-56.70460005846739,83.68156262170508,93.66472390848989
2500.0827144394175,154.0196037112838,220.33518575614832,106.05203989610064,-561.1453466337335,85.91997092793558,169.29833203345177
2491.1632579900597,154.05144446722392,220.40047896980843,716.3693143611088,-137.87241273945278,84.80987129762231,100.89541944815944
2483.4599209475223,153.7549666191774,220.45367019688905,-703.4491080385485,-463.4731942335925,84.0058800742826,236.61960571205918
2470.24577390879,154.1670460365743,220.54661671339628,307.00704243351146,955.1809403101635,82.83190965993462,17.818202535720058
2479.0619786407246,154.11249804985988,220.4762196684765,708.3051524402845,-553.4166790747269,83.596744603479,128.00167254839755
2486.603268564991,153.85027782699814,220.42991411111188,-696.191280982326,390.05530738953934,84.3237076202257,299.2588269478103
2498.7004351001383,153.96856523306016,220.33985610844553,-194.5654689319738,-566.3440689241157,85.7270874802141,198.95925338995445
2497.815800294908,154.01048303936042,220.35521258902781,593.3949321127361,163.50420083958494,85.61068401492449,74.59721304055857
2497.557134672073,153.85746524498893,220.3554365687351,92.40740091499774,-612.8870158652101,85.58106495482426,171.4259819248309
2476.0034790181844,153.91687929850104,220.50544516835097,928.8328837973073,121.46766294908727,83.3218399315289,82.55181057371867
2500.769876652728,153.89359346720795,220.33300539520002,-479.5475831859673,282.97062641757793,86.01968930785137,300.54218871039905
2464.4157068046325,153.9277144618111,220.58529918230516,-602.3351149389242,878.655523415396,82.37290076593438,325.5678226919838
2486.2671493208495,153.68969537036648,220.436092019421,800.0519018551395,77.9758949494402,84.282783488758,84.43484860906489
2482.2085992642533,154.1245177121013,220.4614619073547,506.0402583615234,-694.0730804730081,83.88532943642682,143.90515344783066
2491.5063090805234,153.90876428034366,220.39535915909843,-366.005998984752,624.8386402980857,84.84824231999013,329.6392724270392
2474.7830608904655,154.04989416096925,220.51406694870198,-934.4335107794461,-175.81095479431457,83.21806501924686,259.3429997145464
2485.2520249922195,153.8705805860981,220.44225389012038,806.0301319477632,137.14112512302836,84.18353009648033,80.34557163329384
2502.1549740645423,154.05172938293023,220.3255915211205,50.68383682622704,524.6414470004288,86.22570352157612,5.518236650757009
2492.9962049868905,154.02936025325494,220.38725608554853,-112.26863380461496,-692.17667922602,85.00964463563015,189.21274506922092
2477.75485566642,153.91208368822598,220.48987276408909,806.4251440319289,433.43762680611565,83.47635222312535,61.74282421624235
2485.0705395862205,154.0532548361357,220.44478581576902,613.7394219028812,544.2909434025669,84.16359281562274,48.43156041257688
2500.893062912655,154.01954027340685,220.33105305758178,554.1490402219197,-8.084247662468659,86.03754116495908,90.83960070061723
2501.1868178713544,153.9381004268906,220.33139103822674,-125.65097997465543,532.9563491851388,86.08390068556022,346.7333388975119
2454.652420510492,154.0892352532581,220.65563176267324,312.698701121301,-1117.2796366223188,81.65726491566352,164.36500603986846
2451.07881024102,154.26910035534905,220.68162964659217,-1186.9317816336281,-122.34607856266075,81.40585450454283,264.1153340401861
2496.126374029909,153.62347101513421,220.35910413752342,259.0369352147943,593.0467687441771,85.3906604490762,23.59604991237346
2461.8653151227754,153.89148112191282,220.60155245098787,-1083.4436852226647,125.42120297129614,82.18283841397434,276.6035310471872
2492.5797715509552,153.86591832498857,220.3922925523512,-653.9117593680147,-270.5261799116862,84.96462285752344,247.52191974515793
2458.4414300165836,153.87482849990647,220.62494733602506,1034.531923048578,440.9526135074655,81.92821637145839,66.91387058216272
2496.347522633259,153.7233228943381,220.36241593256366,194.38267459592882,613.831893394911,85.41346904745049,17.571524329891307
2488.4344616801977,153.7132647725738,220.419917518713,271.6784661129874,-722.421949334033,84.51082602260563,159.39058258917754
2474.318767073814,153.5607092805983,220.51753909143977,-916.5663238209869,273.34817972685795,83.17897022215628,286.6062565123111
2503.1664772420977,153.99389967684772,220.31945669567477,395.12528109037,313.04826205031287,86.38484772493793,51.61127384504474
2494.4897741712875,153.6428127615668,220.3785570948354,647.2737769097849,192.6928033945619,85.19290128146955,73.42399740655111
2482.1330176285587,153.7970020471467,220.4651022700934,517.3962466683377,-687.0100296588269,83.87884937590258,143.0161229384721
2451.7599242353203,153.92262688715857,220.67440964141872,-828.0144825093699,-850.4155114654022,81.45540350925162,224.23595588905619
2492.054534413141,153.9106963918895,220.39423078022156,709.9753206081324,88.15754592475217,84.90982026436268,82.92417923499437
2480.7925386684947,153.90882072149756,220.475382091635,-849.3919119174791,-219.9541026540455,83.75286484068455,255.48010528015382
2498.602762594815,153.62796166466399,220.3509076659143,-505.12874608351,-324.8228571626762,85.71590688168992,237.25498470795492
2478.547520105964,153.9581036348265,220.4871283088494,-881.7080908407023,-205.67401190458773,83.54987446223309,256.8676898240927
2476.533894007034,154.0644558684895,220.50095886749523,108.02152906174496,924.0494949867103,83.36787358497054,6.667692756663506
2491.262624485946,153.8195024141082,220.39853448409474,470.0109798757293,556.4273287015428,84.81877278120963,40.18880948720983
2492.015367963875,153.87119783368294,220.39496409629686,-136.1237879124469,-703.6993124108296,84.90051293355054,190.94772736271764
2470.643053400148,153.7243527435403,220.54049323531777,-998.5351566900149,-5.897793164429483,82.86875739256641,269.66178000295446
2508.05100675939,154.63151095304747,220.2788875800154,36.3557321091264,371.10590924501247,87.28824520357654,5.595221763362357
2471.9599656090086,153.88796600736745,220.5345517254558,-448.02552373006847,-875.7788175864558,82.97740560964033,207.09332497166696
2502.101410591335,154.04387886546118,220.32264242519503,292.87903655749045,-438.2969766476295,86.22489328093354,146.2498560654364
2476.9481350773162,154.22974084119204,220.49948437885573,-273.1600838194443,-883.8778283203416,83.4051636533567,197.17327223300796
2470.5515062812524,153.69304823145592,220.5427997146498,-540.9622097824182,840.7650755941747,82.85998924389305,327.24210189118907
2501.294596975916,154.28309312872628,220.33266219468118,380.9265751292828,391.04262421883124,86.09465109475401,44.25105293689852
2491.903526449286,153.8327325411891,220.39253748597366,-44.972722205797766,716.5343817585226,84.89242448952011,356.4084918152702
2479.3722502969295,154.2094401783852,220.4789927925099,-612.9015778265307,-652.0865785300402,83.62494817808599,223.22582554208702
2499.7972683548846,154.06753981825742,220.3379665559081,-311.325673924207,486.6489559126767,85.87410763048092,327.39075052662616
2476.8946407958965,153.93075268776147,220.4993844216571,-693.219667358955,614.5011089924493,83.39762146068739,311.5539641078584
2469.4993569491808,153.90331708477666,220.54561671650598,-659.7249273256468,-766.0639758935902,82.7762895174976,220.73475457921134
2503.6207515736974,154.10473968792527,220.31481924801852,295.6392051404369,-394.08694102879696,86.4638112270679,143.12319313897214
2495.080123877604,153.650089151391,220.37617930062933,-511.37256569760063,427.23784136867505,85.25610949945336,309.87600877283637
2465.2516771472106,154.1874333186686,220.58130525874887,855.3199191449219,-620.138839599103,82.43723294079125,125.94377310623246
2494.232090358671,154.067691559642,220.37546992672642,89.47196525528986,-674.9872721229348,85.15273381814212,172.4493860751617
2487.739543658078,154.00846602517572,220.4249142972805,-301.80876283870856,721.1863568546839,84.43910368123335,337.29093187179484
2496.7839162770583,154.26435360857613,220.3635892567513,301.54712566494305,558.5367381383586,85.47576111823855,28.364385967619032
2508.4829548336247,154.1992679452405,220.27673539183675,-62.602227232323756,-353.8872363403602,87.38136872983438,190.03134205552942
2492.3312173681315,154.02855825613,220.3942348816897,439.10284236231763,559.6696337537304,84.93828592172227,38.1183476297838
2484.544555952576,153.8901826139247,220.4446128293396,-22.67586999938697,-827.3238917182305,84.11150535979243,181.5699564774576
2502.4372983600806,153.98956520568194,220.31757577194028,519.2375782596944,-42.98365674535409,86.2678149713735,94.73487697976189
2491.9612896834738,153.85529887606396,220.39666902025394,-713.8576860572371,-73.56744502091496,84.8944009092216,264.1137028237559
2487.2097433789345,154.06792232895546,220.42382884871546,735.0625005098289,-291.6361078004377,84.3746378431447,111.64155387071818
2482.5836086660756,154.0008158168275,220.45842202648132,531.5922035578495,668.1485486327169,83.9229505030203,38.507698053783685
2496.7733616027917,153.99817342650215,220.35678780126827,-248.08258521257613,-584.7302565634973,85.47309528841552,202.98889492258274
2495.8525767501083,154.36809254720052,220.36695571207954,-122.45897903140579,-639.5666438863366,85.36012699326768,190.83880659896784
2510.1845892734304,154.5767828869494,220.26637933560727,-159.8934601102255,-254.45705332530005,87.78448684240408,212.14337231557369
2497.4073531567947,153.74039906323017,220.36021675597087,586.9676783899388,210.27424431640986,85.5557355693913,70.29050866775302
2501.0454256292214,154.09105979001356,220.33436535398263,-283.0945462413864,472.5414774335278,86.06074293129943,329.07368116049884
2482.2996504102343,153.88640315036804,220.46255729956897,-540.4537058930998,-666.7141862567842,83.89135372394446,219.02805483322052
2495.6810335835507,153.99419898022572,220.36481153837255,-173.80082880990895,-631.1170641471847,85.33711555502224,195.39599260439644
2488.435465531627,154.03400554503233,220.41928235553308,-101.11590416542738,-765.2500528828373,84.509040595271,187.52683847674177
2492.9711972885975,153.7392865736434,220.37963699103298,591.5404055978714,-376.02340799504293,85.0125834424511,122.44364017614137
2492.196519744614,153.93937229394277,220.3904665310559,370.8460460633134,608.9090762673579,84.9271895800939,31.342978137951487
2503.921525181052,154.0706735086965,220.30545262444454,486.0471092884838,-15.023912363255425,86.50808848084856,91.77021641278282
2490.09765772945,154.1398829997719,220.40518524264098,-739.2771613539422,-105.98641310700351,84.68693710361676,261.84024920852596
2511.2921917995645,154.86143186599097,220.25640125210347,211.65396954776247,142.7423615206351,88.09435270636995,56.003307729794344
2500.9013766694165,153.99838756186267,220.3278095810347,521.0290743654331,-187.1036847725961,86.04163191786239,109.75546530003783
2488.9048614657295,153.89243229893412,220.41547384851037,-93.39625484658644,-758.9953673794784,84.56081599385858,187.01516860321078
2494.5711368286816,153.6745402863751,220.37623830384015,-673.7010083344336,-15.894414624684263,85.20296921258674,268.64651398646606
2472.3133689601905,153.74171557294855,220.5319363654672,876.2300727914862,-437.7244020079748,83.0092266675927,116.54505449175875
2473.7074332849825,154.22092382545142,220.51746389583948,50.80244878762127,961.9329123526757,83.12623795302862,3.0231604948773283
2490.2600518540257,153.91707377134802,220.40893249516074,709.0212184924894,227.99950323595857,84.70239996579687,72.17420851483456
2485.431459562147,153.6403124265678,220.44063261780022,-41.22735703406831,813.9226100904449,84.2032130766796,357.1002598924722
2502.504483643433,154.0219507197655,220.3198472179991,-414.00327262842654,-314.795257476595,86.27420553115823,232.75107409545654
2501.213829646827,154.24799520761928,220.33102706252265,373.7159730997112,-399.94802250799256,86.08426445338047,136.9443922149282
2498.006648054681,154.1792412519036,220.35089074950983,610.71930834373,10.160733583481747,85.64316575281309,89.050697240791
2489.0960495505155,153.99459435869025,220.41010338035034,592.130408214652,480.45474382634404,84.57619865484271,50.94447190652587
2500.327241901448,153.90186578147097,220.33527266531092,388.27895984289944,-412.4625589945906,85.95242283065954,136.7322299640786
2476.683726870596,153.86743183052246,220.5029905312573,-102.7863282237445,-923.3150300250427,83.37808469414031,186.35189719050737
2487.7006500296175,153.98712943589214,220.4257667160343,664.4899414098064,-415.05032268752535,84.42712089766742,121.99051936633556
2501.357982588196,154.0305203969016,220.32785322960135,191.41132342090137,509.6266174447202,86.10571959062557,20.58646149581845
2496.7919615022342,154.01999394653177,220.36039809739478,-459.9795646209105,-436.49573015659473,85.48055706132175,226.49868753937866
2508.1501847156424,154.14865971640364,220.2837027141258,-271.97277046900666,-254.43367957430544,87.29189293987596,226.90583703156258
2454.6863323517196,154.07477067528112,220.65605108834163,-345.8410717391537,1107.8431501901273,81.65542183029606,342.66253020834586
2458.756913329322,153.9944134294352,220.62620800559276,20.730768102302918,1121.2390625908324,81.95138169401453,1.059229082029849
2475.346731354523,153.92753408139035,220.50581042592026,-581.4064018432197,745.1727836657723,83.26047207717573,322.03759998181187
2496.5989829448404,153.89979534600582,220.3652217559842,311.88976920243965,556.7765343727685,85.45281993050345,29.257410963248894
2493.533739111096,153.74319301253442,220.3865898830454,691.8626807433908,-23.169934065065355,85.07377721369384,91.92085848591032
2479.3260096508493,153.9323836071058,220.48425351100312,458.01080265252915,770.2169203797757,83.61763796753729,30.738488103743435
2459.893366565906,153.79501060907143,220.61810711643554,-936.2690684790198,-597.3856699463229,82.03386872589913,237.46050702450728
2469.3098130913336,154.14263824981452,220.5505241894994,-431.3429867443715,916.5065496777872,82.76069493172469,334.79627593676037
2501.5903499713627,154.1964853870605,220.33029936099027,1.6314924380505729,-539.9955671146644,86.13565548269524,179.8268996934143
2495.9191240922414,153.50303232171143,220.3685782827252,-541.841376534023,359.879308912691,85.36762451492767,303.590217004723
2489.1410269849907,153.71850545303442,220.4129358940635,-488.4524428432916,583.8578031807001,84.5861098325093,320.08399057690156
2504.8501498746396,154.0806867405077,220.30580922407233,-324.1748923232548,332.13615152220336,86.66108139143051,315.6946651935243
2496.3422742962375,154.0111009400161,220.36649653312998,-612.0541845269878,199.351623853844,85.41385844936069,288.03955334755926
2501.7877885975086,154.06393024643583,220.32663803654444,-69.59816572025508,-531.4171767392882,86.16400410538937,187.46104876169872
2461.4008746755135,154.0199878491915,220.60515215306035,1077.4388238362933,-198.59323499022426,82.14555623950717,100.4435195180174
2502.5285175148038,154.11257325355476,220.3193032405143,432.1116646589945,286.7627327465304,86.28434980556051,56.433961912754725
2500.6082714977847,154.0992339807247,220.3374051612147,-527.075503780412,190.54189879759028,85.99400206277934,289.8720006993008
2500.7039339628736,154.44149559023666,220.33514303647095,449.60642112247996,331.34077785277213,86.00685247156353,53.6138187950605
2501.036323283009,154.09349573034936,220.33131222442185,299.92204876646673,462.30543743828787,86.05919490731132,32.97443547292999
2489.0670033591705,153.97114063898508,220.41527552954972,331.4542124254345,687.622276271496,84.57053707252363,25.73580134592379
2474.720847583126,154.02210511888396,220.51667665465126,323.7726945400765,-895.5350910922922,83.20770223121605,160.12352460438788
2481.370934623429,153.80543340775077,220.46590867540914,-683.0628503356435,-538.310866217658,83.80903129209617,231.75874118607618
2481.2622972158956,154.05052335280988,220.47003687047768,-867.6061419112857,84.48837595552752,83.79382941637124,275.5618955051038
2499.5903405233194,154.2803341850871,220.3389585571294,521.999828744345,-254.08396669851265,85.85362926724557,115.95706632433385
2452.192554246541,154.0783912342273,220.67232749576283,1164.4416390482174,-209.22537525233216,81.4839383753213,100.18617059636054
2504.746687723281,154.01069491039016,220.30087899418808,-298.66567414264694,357.041750949957,86.65168104382951,320.08731054204605
2504.9929257296985,154.27610232389964,220.30318437830553,454.43408032663194,-71.56709609871886,86.68887487602386,98.95222020498406
2489.4888648809942,153.86485298066108,220.41460735392172,-755.3634147002088,41.226844661582476,84.61942041456712,273.12303010957476
2490.9679761310103,153.69094132239366,220.4034671100577,610.9851567271566,-405.59124982947924,84.78377929260282,123.57934932059673
2447.202239409768,153.8673354945759,220.70823059625096,1181.78205145068,-332.24082300985884,81.14481113116933,105.70340583338741
2500.0014251003568,153.93169922026362,220.33851854816848,-571.3795033009146,53.29118526349168,85.90123359148507,275.3260030714712
2482.595268990519,153.6792259767509,220.45690812513965,814.7334581245585,-255.82139831944963,83.92315282444775,107.43168599618615
2500.6700842905116,154.10691181593836,220.33122927237068,468.6294470265759,-303.2867703448555,86.00946484297101,122.91029900678502
2447.6830403872564,153.98557815195778,220.7038807901587,692.8891536399652,1007.6736934115075,81.17981057369755,34.512366134921535
2506.359712241734,154.26193301685095,220.29410929466005,-343.1095405080248,251.73673418619668,86.92672343474902,306.26526844545856
2487.398256240748,153.88885867625683,220.42865707341633,-719.5951171433471,319.7652737190609,84.39912553952435,293.9566699444629
2490.9505325861724,153.98981690796248,220.40499695899655,-437.96680773150587,588.5266445082356,84.78133108051424,323.3424149730464
2457.1663263712608,154.05207489659907,220.63948872417222,-807.177808794546,-800.0119914712374,81.83732675500812,225.25448235763153
2470.4656715186175,153.94774288663868,220.54249008161568,-425.28687977709154,-905.3483996179871,82.85522346256012,205.16192894216132
2505.7287970747966,154.12643348306833,220.29584771113272,-43.50514280143914,439.4191580905757,86.81649563281009,354.34582867285553
2440.3270209196794,154.1009306115848,220.75555842865847,1278.7320005141437,129.10207146734848,80.69859634806451,84.23407763302521
2499.6727584751484,154.01615866183707,220.3423304611767,-14.20658776292618,-579.6091622386635,85.85963141675124,181.40401344542107
2494.5529483835066,154.21996914289397,220.3779676736703,-673.7644170682936,23.67128334712329,85.19928921429047,272.010537392467
2475.440081393311,153.96175006573515,220.50792453628196,-890.8521954389762,309.5224977261864,83.27509408180872,289.15974588946915
2504.103318401104,153.97321516714982,220.3135978597487,343.3730663095226,338.4394674555198,86.53684622228624,45.4158513594551
2482.3347943194694,153.59757717655728,220.46070303976623,698.4599671097263,-497.70469185622807,83.89672279193972,125.47349876776923
2510.683219406689,154.593288282953,220.2622026463918,137.06306451320256,-245.8892322017698,87.91479244978986,150.8641735425955
2504.280364868025,154.1514568597956,220.30957818433149,-334.50274605633496,-339.8456194605028,86.57277269592532,224.54541430531378
2478.5847527108854,154.22530451530315,220.48986878294508,53.655013514382205,-904.1347165353753,83.5465871205778,176.60386557106784
2491.441099616287,154.18377474334633,220.39860188972037,722.4728007495557,75.12596100859918,84.831954844911,84.06508522765574
2499.4375923917332,154.15062554739427,220.34564509450814,453.370581351371,368.30573036691436,85.82927464354124,50.912243679053574
2491.925476458592,153.85259731649157,220.39821634935586,385.70087068448703,-605.8198560319064,84.89041870330882,147.51810979066698
2480.9258304003956,153.64141648860993,220.46800263985853,89.9009794641285,871.129983397714,83.76602637741405,5.892141600491083
2495.997803709443,153.85273819857477,220.36859504732425,541.1809410722034,-358.25542988055935,85.3768467890556,123.50582893683628
2502.053051425887,154.0149205702548,220.3266770980739,200.16647784585533,-490.09722816497265,86.20942041439427,157.7852253117362
2506.7541078681797,154.21722421417343,220.29137270698862,31.714801840165652,-412.3639500650848,87.00892058715772,175.60225337404714
2496.424102092725,154.04672396712223,220.36580638065746,-514.8343299648141,-382.53559484020917,85.42986607312146,233.38689750022743
2495.4783087108904,154.14087675352772,220.36963965575853,-189.53821747618275,630.9592983667114,85.30774187146659,343.2795701608777
2497.247596238052,153.9758334271136,220.3591574756351,-357.2476092346618,-513.8927201978331,85.53843327535812,214.80544708729775
2482.0615313835724,153.81356434313616,220.46248647506715,-800.9381801410623,314.96140002333175,83.87439520266318,291.4647078159264
2478.2256149614627,153.56274144454989,220.48734266283674,-906.7154289833157,-83.3808657924389,83.51405068907192,264.74319387803837
2503.6572030655852,154.16006512454385,220.3161401425518,-61.52991340364289,489.94888847112173,86.45608631096373,352.8415846740564
2497.8250277613997,153.70980360994085,220.35680022800864,345.0893475198497,-509.7741296590985,85.61097774939132,145.90439826752248
2510.6161908582426,154.67036176523996,220.26483409405134,-239.46481303165677,154.52477363002197,87.89091905472239,302.8327619006761
2498.5477628830795,153.86722346440874,220.3497068695857,-601.5044293884877,-8.952271479998755,85.70840466539123,269.1466105626329
2454.3093401139377,153.9430707320862,220.6543072758078,-1132.6135964475084,265.6664835704435,81.63468897578501,283.2005661972442
2460.75965679354,153.8038526900868,220.6109111799023,-130.4517803905471,1094.0545991243414,82.09982623761887,353.20037026959005
2490.0127003563257,153.84806507820056,220.40675631031274,-364.32778173563344,-653.1421860165592,84.68034955539382,209.1519755326944
2485.5908868851043,153.9879936073255,220.43646186943013,503.6461003005379,-638.6839247881653,84.21350934039755,141.7421046748445
2482.1938145763693,153.8595332208664,220.46276080828196,643.9639120974721,568.8269068024147,83.88473849910693,48.546580638577225
2487.7078531491575,153.68956585297764,220.426175713004,-108.40167470945848,-775.9316687627929,84.42810913978676,187.9529013706808
2506.175805367205,154.10870702894044,220.2973093895748,-379.12885758508486,200.08088891558563,86.90532362733589,297.82020009612773
2503.582367225101,154.04299680789032,220.31697928322922,-37.193782099018925,493.9143033013075,86.44565801138509,355.693483896959
2485.709636970203,153.73921514525114,220.43376649014758,-643.4733419140312,-493.89423489871274,84.23006006864703,232.49228687785325
2495.2356713770787,154.00839457973737,220.3703111525451,-27.70243566559596,661.7766654086938,85.28304762053112,357.6029322766351
2501.4020785562902,153.84294036335808,220.31998428485804,425.7578752329772,-335.3160729043965,86.1226941194517,128.22583095943523
2487.0263260497054,153.9972590199597,220.43203850427247,-624.9457680614595,-487.57687724458793,84.36145600567598,232.03805153115184
2488.248330511581,153.66597021329758,220.4233093611967,-745.6106968389536,210.78088355275048,84.48960780797943,285.78280686069064
2482.9859311826,153.834924653676,220.45923195037847,740.341547274144,416.5383611173038,83.9550750554029,60.63687342072174
2483.1275457408733,154.1898144334597,220.45537578174228,-521.4160638547106,667.0262038257188,83.97397128755287,321.9844724171525
2489.494065740698,153.90588976490727,220.41055756417862,468.0961655541101,-593.1382793427761,84.62540592136712,141.72138168846305
2502.36555250319,153.66099334274557,220.3253391200334,-192.1252650192045,-486.8046630597102,86.25219664177872,201.53636614024393
2474.577424812841,153.93012874622647,220.51695933778936,712.7801375448291,-633.769908876092,83.1970598282912,131.64136932333898
2468.0847157163207,154.00459617966501,220.5607210083267,1006.4294590359596,199.43393535660496,82.6643737542205,78.79201702309673
2492.9181504433504,154.01884267959792,220.38843291343898,173.64377744354323,679.4495653654235,85.00931156364233,14.33633859146562
2502.4290342011154,153.9742071921212,220.32324724317039,-460.26172653201195,-246.1224812797117,86.26133885111416,241.8622639557313
2505.6714179430123,154.12390598204053,220.30078802166506,-19.162675823034395,-441.29367001681345,86.81526813045197,182.48634683387397
2461.8304304719522,153.87191660813085,220.60676117283484,-30.344189938466847,-1090.9981447875832,82.17766489226968,181.59318653137572
2495.683242370459,153.94218478414942,220.36864479969094,-371.67612744886117,538.6685946057825,85.33858154298332,325.39403152170513
2491.999328422292,153.595242371679,220.39326002187812,-651.1408597272211,-300.06607881573893,84.89993917089167,245.25599400856856
2507.986792492319,154.2376529710038,220.28340568247123,-135.1717555932434,-350.6778622188531,87.26843113811827,201.07861724428673
2486.949585710545,153.70504771199865,220.42926215573812,699.484900274493,-375.13217925336613,84.3546928839118,118.20675676988529
2504.6676315172344,153.92864887973138,220.30891292379647,-298.84023386703126,359.8021108360054,86.63640704484261,320.28781960486043
2485.239907353431,154.13554497155468,220.44367237349698,807.9235877047665,-125.65704194622859,84.1822919608594,98.84151977007575
2486.161583177292,153.91845414586496,220.43797067803905,799.7094698450633,-97.93869272848745,84.2687305995495,96.98308358480462
2487.95025227878,153.8287700443317,220.42475478548408,-642.4789298452193,441.84164647730597,84.45445409318454,304.5148916501572
2484.7929055589284,153.6751397431927,220.44331830451856,-815.7512954020901,-114.48366614936809,84.14025261501972,262.0107020862288
2491.377581737558,153.86134934781222,220.39803324769434,-724.3163561761177,-69.66518525069394,84.82378707229718,264.50398895287293
2502.862783281085,153.74448153153858,220.31962823356534,-166.32922477627918,483.30887832609085,86.3367700205719,341.0090613688846
2483.842882012258,153.31407681198033,220.4511176862076,-749.3266948264204,373.05549448816,84.04593992363246,296.46605363320765
2487.3765113691097,154.1484505905853,220.42580646152516,-538.3775526661015,-573.6257680604318,84.40328798034632,223.18351921584716
2495.4389081388813,153.86286710214588,220.3680489427246,-75.56253873530444,654.2298674329344,85.30999663178184,353.41132455421985
2474.3000833402443,153.847524090823,220.51899860978057,309.64175771786995,-905.853734674296,83.17162004650416,161.12841447648137
2498.5681334150613,154.19876154819826,220.34852196081323,425.0581711288223,424.40045426725004,85.71395872495673,45.04621511345915
2492.094020294201,153.93059978149293,220.3920632734824,-459.88183638575896,547.1806103700413,84.91462053422515,319.9527833157527
2504.332956567207,154.19762753334777,220.30931709363892,-306.59446481131687,-363.67034295354983,86.58094770082752,220.13256105780303
2497.5131290046693,154.11922848133554,220.34795942626664,604.1733455566987,-143.64456993944034,85.57190691471389,103.3760090664152
2494.6361881685893,153.71744585825482,220.37737816490073,-230.22805904731942,-633.617868968341,85.20097315089582,199.9679466440319
2493.4049406373397,153.94141613910833,220.38794904020784,-429.1863610328657,545.3018240422324,85.06137061972898,321.7943043456972
2479.1460901302153,153.84468831026507,220.48385825660392,-864.5631091060666,242.6912529292979,83.60405971177829,285.67989422937916
2492.4959018796,153.79770472935522,220.39236704687215,-280.3300080500763,651.7835658310905,84.95210487692063,336.72695632213134
2462.046793721017,153.95541977352246,220.60425053270774,-1050.2927859568804,287.14952794659416,82.19633399116458,285.2909549402534
2484.8114540023817,153.9913498279641,220.4457145284739,287.02999373257484,-772.4757627550482,84.13657744822972,159.6170750920094
2503.1212035967446,153.96100063002228,220.31829086727578,-4.614975975374506,505.71696125193114,86.3737367902549,359.47714694261424
2492.6760310866234,153.87682374068433,220.38939763774903,-288.29955589067583,644.6135201001824,84.97549773763076,335.903410928697
2459.6804382883142,154.30620718018014,220.61964042872725,395.37903018647614,-1039.369284196923,82.02063789157157,159.1730773007504
2510.9999181560474,154.66506480444303,220.26211676352753,224.91196431087613,-144.3068116252107,88.01264204992253,122.68605484226116
2496.9658038596353,153.79421205728326,220.35836285389018,627.3952991663106,-69.31005631418797,85.50166211505231,96.3048097308738
2499.568959201535,153.9669871339236,220.337437628127,557.6278947559899,-163.399255722122,85.85064058801309,106.3347132670034
2479.306062394253,154.2022608843638,220.47998663195307,-878.015975737057,-179.66133096671203,83.61585144694135,258.43541572417456
2508.092643909172,154.3638704384445,220.2852808305978,-128.41825809581928,-350.5977332849173,87.28510059170276,200.11603097104413
2501.104589535618,153.84562318720222,220.33200475989253,-371.2843041028085,-405.0287024664766,86.0708518047245,222.51052192390125
2491.3249089206,153.8182831583532,220.396100361322,536.113691419717,492.06372852344145,84.82345313653362,47.453375375061476
2481.175680559068,154.3052736837236,220.46951861636805,606.3213652513331,-626.4466336027057,83.79195691129773,135.935451840246
2457.8899390573415,153.98308124347543,220.6291380989687,-702.5938607301314,884.9835555692073,81.88708753198013,321.55401349936295
2498.8331741282013,154.05987786208402,220.34792239366678,578.6959445798888,-140.54515463937602,85.75002617059164,103.65233099171394
2497.5490304920236,153.86393379183517,220.35975506069158,-466.53286163439196,-411.10655051453085,85.56692861437766,228.61118472942914
2512.725520254585,154.67220075022595,220.2501982668763,-163.42960642669294,-82.53867540306385,88.59149437242986,243.2031433941348
2505.5445189955035,154.25723426165356,220.29819468697937,-185.49136158759777,-405.9428756299358,86.78339008748951,204.5564237145717
2500.4270441614267,153.94372591362992,220.33683472525345,446.1012575499704,-345.76944836418966,85.96669221163269,127.77999463593024
2487.3132861549766,153.81092782478095,220.42427517974218,-787.0188579834722,53.27621438830656,84.38964497539327,273.8720975131207
2468.582610097067,153.90559798887935,220.55597287632457,293.2593159482742,-977.9214665407345,82.70240640774719,163.30735821270673
2483.8218961144153,153.89687498312685,220.45177464543303,-679.5817809686934,489.1880365507614,84.04192657614341,305.7463158351342
2491.850431499206,153.8022075481935,220.39677434285093,517.2890321022708,500.49028249066083,84.87977968568647,45.9475460436081
2500.4953386955303,154.02848169636357,220.33603881959422,498.295193523537,-262.7649532936629,85.9740922003797,117.80742244444102
2462.3919566679156,154.05928956955216,220.59810561643556,603.3412878524468,-902.4374909104988,82.22069571921655,146.23412305830456
2502.6450370106313,153.87363913581675,220.3196257417259,290.42395262365477,425.7138080437254,86.30728179705463,34.302294891377976
2488.764628884678,153.85631446642682,220.41682173028883,-766.1748259663432,-37.039344441101655,84.54425269919453,267.2304518089507
2501.1971415334665,153.94395517907896,220.3333673171719,380.363273533329,394.2902919543721,86.08194773860424,43.972503882033834
2482.1364791673936,154.09630309430113,220.45832226483475,723.7657384554843,-463.71466918946817,83.88095546421245,122.64796358833226
2495.194501110721,154.00903741400148,220.37046935998103,-6.189209089067203,-662.9350032611096,85.2784517040973,180.53487955837718
2491.5914634133974,153.93633606357702,220.39772065150794,346.12413672294133,635.2706703557598,84.85318527862779,28.583561052394426
2501.572748911125,153.904735557705,220.33034315668215,94.20462964336173,-531.3715634945581,86.13858167445493,169.9471025689491
2457.053639513427,154.00690303844303,220.6403538096055,375.3641902926364,-1074.0390926501761,81.82824694710469,160.7360940261073
2482.495995420218,153.9500268057166,220.4614503859346,-592.01131411439,-616.8937101137316,83.91450910487575,223.82050595049273
2506.2097675488453,154.44974998713138,220.29176756992644,363.9432927691494,225.8865874050362,86.90719121285177,58.17658974125006
2494.9460696572564,154.1648854197579,220.3692098644466,-380.77056329043836,-549.0282259460996,85.24186127999377,214.7412153225809
2490.963477360935,153.66386125495043,220.39947899435967,-483.5455672934165,-550.819683159281,84.78666309006424,221.278510430637
2488.0597452836955,153.84160127344586,220.42148546764955,541.0174551351815,-558.7388594010419,84.46829070942218,135.92365290778824
2509.31439162699,154.18336223054675,220.275826504937,294.23255754335594,-156.07227633504826,87.56192991392516,117.94582689201201
2500.5361922441834,154.32780672137955,220.33539679127097,-560.7716712613662,-19.159792491243017,85.98890201214859,268.0404323375497
2495.1341856188947,153.95358020270396,220.37542613850496,512.6825974316426,422.79880910962373,85.26800310486871,50.48944919768684
2470.967963009024,153.84333322277485,220.5389723652814,701.6845303513361,-705.385148704665,82.89482592320012,135.1509189371649
2506.4431425498874,154.39170442584907,220.29444800977768,155.75989291926473,392.3055314819733,86.95015589038512,21.655129030821048
2487.688010770534,154.27803336513483,220.42497289651902,-316.1622945512072,-715.617478091467,84.43393969946497,203.83558491767735
2492.505677834351,153.81720683779105,220.3861450235783,-615.0508786291563,-352.2569641358269,84.95709369548577,240.19777432602717
2459.3600738325695,153.63781315479272,220.6231848070686,53.52095511180792,1114.3725623593323,81.99662593681606,2.7497272828372976
2495.996223845965,154.08903345931097,220.36965475611396,646.5565355250277,67.17789767074531,85.3691690218071,84.06811776905549
2503.3949890628724,153.92607629273118,220.3115415498998,-209.78191532045182,452.1602744460947,86.42399607529273,335.1099363553768
2507.991618014684,154.2939019767488,220.2783293899809,-360.33659813317183,-101.83748495126818,87.27775123579285,254.21564941113712
2502.9805464661604,154.14885383076316,220.31157525601952,63.083062796549385,504.41877493511333,86.35522779766056,7.128757738666467
2508.9215431848133,154.33445536878176,220.27945653427975,136.33679843509202,-317.97088084069026,87.47323073517992,156.7927276255626
2451.6831907000287,153.65314448828386,220.67661303110143,-1186.0050107570682,-67.39128593155533,81.4494941908689,266.746415562481
2471.4471073170353,154.0104003765692,220.5368390032889,-789.6891948193264,-595.4165941428265,82.93797721324555,232.98405256599887
2495.212689470592,153.7159517492942,220.37189749373476,-252.46341204929445,-613.0636588772488,85.2791148450832,202.3817976992276
2496.8344510162688,154.00316801741377,220.35602254684298,-85.45775676956642,-628.7162236583931,85.47819169633905,187.74033840971163
2478.476309810767,153.6388520774163,220.48594397620195,852.5483244900944,309.8129929736186,83.53891005995268,70.03055346312703
2506.161474015883,154.3659631340812,220.29866229206374,415.5033137874734,107.82829582830284,86.90085426958441,75.4537953631871
2492.0567513725523,153.87889599930548,220.3953832127243,-575.7465782522477,-426.296609850241,84.90328659589268,233.48201913672307
2503.6207300294354,154.15595358168895,220.31408064780254,396.7714936405172,293.0111520749508,86.45969514694893,53.55761825714143
2495.964794062591,154.10674003119294,220.3692581729685,-293.4323836441027,579.5499142268196,85.3722968502861,333.146104950279
2485.378697712988,153.91295358994688,220.44026607759153,-540.4895950577887,610.79863814346,84.1979196513457,318.4942325363086
2503.6504031159543,154.14562588249973,220.31217197368727,145.63414589187644,-470.1944015222036,86.46654946740652,162.79071168146788
2493.9678075517118,154.2185244781996,220.37988350111283,670.9873240811949,-138.50840447806868,85.12259313646825,101.6650365061856
2501.9923421540893,153.6632918096702,220.32293542294434,451.516774849826,-280.7526185141454,86.19444127827109,121.87617215717275
2504.8343654332934,154.07872791679168,220.30806241128732,462.93079619518284,28.814628903680127,86.66306544554706,86.43885716665902
2509.4901863562313,154.55333670597565,220.26872531675082,133.1249231014673,-297.8303706864287,87.60831723546117,155.9173326991178
2506.0653211664116,154.2656630095788,220.2920366584425,-311.8369027321926,-297.2559905450491,86.89032442513539,226.37159564514863
2495.279824196726,153.72151186543007,220.37378856740426,-564.7350882817001,-345.7658106807127,85.28498390969973,238.52177343056434
2501.69328864639,153.73281616466116,220.32912642565014,-109.68287611004217,-525.8807168912203,86.15587599315745,191.78058657602674
2508.7525314055774,154.8618113303538,220.2799646929947,-141.37619555969246,322.0093641473351,87.43351803189266,336.2956841109614
2501.0388490864934,154.07686906637562,220.3343515205211,33.62291633244278,-550.0854467718782,86.05890121009064,176.50229856973183
2496.610796465477,153.88471930240723,220.35953436945084,-633.4767175261014,-69.96058578292205,85.45849744795139,263.6965776393215
2476.8388734674672,153.88488389397315,220.5017921849781,-513.007058306377,771.811663545302,83.394866552934,326.3886243092201
2473.2450234741423,153.76605086250535,220.52629676355372,851.1243537723833,463.97179593158035,83.08346051203,61.40382908868857
2488.487418002075,154.0209691150393,220.41430831610168,-503.88145257873236,584.4896535093982,84.51101510940764,319.2350191956748
2503.969582703903,154.1201926108468,220.30950996196978,-229.4346752190428,427.6160780520243,86.51473790459052,331.78384493427507
2485.3741527650145,154.18225258676807,220.4370118013984,-515.121654413743,633.0579378070669,84.19300880888359,320.8643128144179
2489.548007255298,153.61502008968782,220.41105754934782,-406.9013177360326,636.6195679290587,84.62704582108383,327.41463478219794
2488.587613292975,154.06560215353988,220.4197140811371,-340.47577555697643,689.8305552843432,84.52780711967083,333.73016793078625
2504.2422085705502,154.35673922432588,220.3108495247336,300.557137035803,373.07326537181785,86.557234312594,38.856659329012466
2501.980764525209,153.887007799152,220.32459843440822,150.82589620645984,509.0959443190149,86.19897116529984,16.502502043823508
2502.7298226477365,153.9632672698088,220.3200791603629,502.0413307097039,110.4521234305609,86.31611939873868,77.59503917544107
2504.6982272606383,153.956525137472,220.30484223180758,308.0151351548314,-351.5358224532905,86.63856455468331,138.7757899409221
2451.366316637184,153.79146973503344,220.67996366443433,-499.1943966124208,-1080.9414925244027,81.42803835186787,204.78860065260187
2505.6205413492153,154.3025759370854,220.30004076516744,419.23046281856205,-148.63477508236156,86.79389752771304,109.52360630542647
2502.0888257974607,153.99610859811327,220.32724049975687,-477.87466236609527,225.9782683018606,86.21515903208696,295.3070311777833
2487.5689502491928,153.91754268550818,220.42715627286591,-379.5965021033056,-686.582732119481,84.41965426001568,208.93721295235832
2480.953598969018,153.6607873519125,220.46954108612766,874.7673363416455,33.008746546517315,83.76853483392385,87.84012681321157
2482.2135746361823,153.83735517964615,220.46185857271425,-801.48039309278,-309.33570933135525,83.88551189766234,248.8950017212528
2504.3450273002823,154.22006420686708,220.307614444435,-241.85004374723815,-410.0238509726269,86.57834559351349,210.53263119764412
2497.3308691679,153.76279639038083,220.34309446034524,-622.6917332648861,-4.659126406949247,85.56089491881359,269.56967457890437
2495.789636345157,153.7276860826731,220.37081938074533,-612.2975172098242,-226.4403449810169,85.35061884326556,249.70370525142098
2473.4671814096396,154.1322984707765,220.5198320095639,-825.4910835778287,-501.97054920387905,83.10572423933111,238.69686757929685
2479.204165619289,153.8754878750628,220.48571593057255,652.5949540319382,-616.4847337668767,83.6058771456495,133.370555293064
2502.066861042938,153.69775599788122,220.32572421302174,123.39335459769993,-514.8221096964045,86.21015350578189,166.5220195000106
2475.5954948780495,154.01106464185287,220.50834372928517,871.6956827081797,354.9281008680971,83.28886737252526,67.84514879787689
2495.510567826481,153.86261042231592,220.3690917774054,-554.7364230011319,-353.5291816111151,85.31522841997787,237.48954810381986
2479.1816408180225,153.8646839949521,220.48408825915237,-315.15271669961675,-841.253754722837,83.60159796631022,200.53697195649053
2462.4318538777916,153.82429192837924,220.59833924080544,1071.7369911574222,-169.59866971054316,82.22510451274132,98.99387822859845
2475.5366045650017,154.0204399492067,220.5044654077557,-888.8073971897211,311.68948098334965,83.28369528837858,289.3235569775976
2478.4358889341634,154.16584209725855,220.48686613343313,-848.8088906711375,320.85558469247417,83.53459566592649,290.70681069047976
2491.5554893002222,153.9357260591923,220.39925994624005,-462.64602733567466,556.6669199468473,84.85064113418768,320.26898424417453
2504.257059936946,153.83077655752047,220.30933062369442,112.94927175746311,-464.8465313651887,86.56286986402614,166.3434619778189
2491.721489906801,154.3007612798083,220.3968197671429,-702.4045740914476,163.5094969021841,84.86813999751267,283.1035016847173
2501.013076015663,153.80314986047452,220.33524530248414,284.93367099278,-472.7916095155155,86.0530189215835,148.92577761303903
2495.5642682455646,154.17995036479365,220.368918089323,178.46043173149772,631.2554000171513,85.32709215351474,15.78609408386496
2492.9026590514923,153.98392895830472,220.38753609748932,-290.9327889916623,-639.0182110135153,85.00355678539333,204.4786877441846
2498.858622417743,153.81401639944346,220.3485316575396,190.5719990879325,-564.2856053963865,85.74986562149283,161.34022178250126
2484.2764784410706,154.0946704424528,220.4474356841773,-824.5001568455853,-100.94500553446463,84.08916148506219,263.0169090891616
2500.0396443653117,153.97883187202348,220.33743606837814,-236.01800893312213,520.3968568512274,85.91800273071868,335.60322346939836
2492.543981776261,153.80414849878318,220.39129664025313,679.693158951537,-200.0254797489048,84.9589145248845,106.399572066657
2500.516635852361,153.7474708193352,220.3375351148287,4.633488021930056,563.2733186868783,85.97538946413873,0.47133694499159606
2480.691353977914,153.84269924072493,220.47470391767555,-729.1034865782415,490.20233761181316,83.7447583804005,303.913995592382
2511.6150789102376,154.7197315708695,220.25403762522006,-238.8687663340505,-25.23137006196224,88.19812653397493,263.9696706648169
2473.082691123337,154.01923360563256,220.5263545869253,-523.1530817025531,-817.9803890928508,83.07048268479603,212.60096474035015
2471.5235744045594,154.02588220962573,220.53676615065228,748.0044352844914,-646.2593615598148,82.9414041094507,130.8263049899303
2495.8478820338896,154.043120344773,220.36931934778738,111.92769287891409,641.8101672752362,85.35903981908521,9.89265767592022
2512.624805445137,154.45220405923254,220.25369689672837,-149.66758397707525,-115.93581927400207,88.548770941852,232.23870805796992
2488.254556076557,153.93847681629447,220.42231242788378,-367.0372489676716,682.8417655699259,84.48604073969014,331.74032236089806
2463.0487241544865,154.0155050841243,220.59158040305732,663.2140627067415,850.7549844737306,82.27204748651116,37.93878500591761
2489.6143436922594,153.94754407274877,220.4106308537574,-558.3226517376496,508.20440501848077,84.63018828772567,312.3081481213141
2511.3932195981815,154.8570912494537,220.26291568424767,-101.86995941400033,-229.7231103672136,88.12174248833,203.91462571964226
2483.593663904166,154.07321428422847,220.45519910173275,-789.2218207379074,288.77421776422403,84.01930749207376,290.0972500402635
2500.0223075291947,154.24513445305206,220.3416331156171,-296.0515663794211,489.7514648072766,85.91156602044174,328.84625106453586
2476.3788220708416,154.00795722408193,220.50488745419352,-116.35185758049387,-924.8225907672881,83.35497384855245,187.17064321070652
2483.1517417059313,153.88730546492528,220.4522090794721,843.8536614667207,70.7372673163655,83.97396250326925,85.20829511014726
2494.341413308482,154.1629930091279,220.37641246901177,284.2345303972367,614.8405075972396,85.17746541087268,24.81172274921239
2495.7443129116537,153.99935215671567,220.36966389823243,-127.08367295520418,642.2216257059266,85.33713785712139,348.80634734267744
2495.740236999096,153.7172847188408,220.36457359954008,-486.42720214786743,-437.59619881359424,85.34026705497311,228.02309241843363
2501.6071013054416,154.20375065468687,220.33135314336243,-60.754315848534816,-536.4996597720113,86.13613352306068,186.46048122443784
2499.236744416275,154.00087890991233,220.3466505811376,-502.6539482602327,-305.11226079992036,85.80244042122119,238.74185533432814
2475.0861314300882,153.83122188584585,220.51263096731861,947.2981968492843,25.562646068182655,83.24252462104825,88.45402949786421
2508.8307342340054,154.43482932143988,220.2789944837945,290.10449173471113,195.0806793026118,87.44838716640812,56.083261408883445
2485.509651433704,153.95844307636793,220.43916298775335,-334.1014491973236,741.9838621362522,84.21109039644568,335.75851280740045
2471.673101203712,154.089167073868,220.53632933546035,-978.6916585092545,-126.26307251707028,82.95381287436328,262.6486458827731
2501.832206474644,154.0843131497433,220.32700720890773,410.5124074226807,-341.8213014782353,86.17615689524499,129.7839950593144
2489.925680814538,154.07250596763447,220.41143842623848,-474.3326521544553,580.103849286038,84.66961477571492,320.7277543959566
2508.5422972509577,154.23610853758083,220.28205447650927,-111.16887851757207,-341.48297231044666,87.38313596433034,198.03168079594735
2481.553762766961,154.18811204109818,220.4693763272157,-161.7752379739577,852.065387248597,83.82531347004601,349.24931092473764
2497.208238122347,153.92134293429845,220.3557060232818,-626.1878417135605,33.375131616489575,85.53015796235512,273.0506956499758
2482.5686999457484,153.67003763275804,220.4603680681198,-812.2455223259062,264.52874031052147,83.92121368549932,288.0389527594654
2496.5959708794544,153.60350959925242,220.36365432804217,629.3484471910933,105.39990467807874,85.45378612022525,80.49476240708614
2491.841008350179,154.05852073864816,220.3903209660843,-606.6665762717441,-387.25892819527957,84.87921083365788,237.4480694235892
2453.313575194014,154.1542756710534,220.65913494270012,395.16279830858207,-1103.944240295158,81.56386422102764,160.30460573791265
2508.824310410138,154.4031335623906,220.2766183717978,-282.33048119044076,206.01684898939848,87.4490035847752,306.11749423090976
2500.126656526454,154.0466003377315,220.33950812819657,-91.24047611157214,-562.6905030576908,85.9272252380027,189.2099022441813
2464.548716322578,153.96136022511195,220.58582099349246,-831.5097929610382,663.2248686370755,82.38504101808847,308.5752733178259
2497.4442123025856,153.49267494542534,220.3582042911776,3.1857577510970057,-622.7362278529284,85.56136808160898,179.7069010143923
2488.912441807539,154.19926599976984,220.41168485027816,764.4573679964361,18.506175639444493,84.56017917175079,88.61473926131067
2507.9691826699036,154.20009714977118,220.28435062711677,232.19545093896886,-297.0139055612542,87.26043109405909,141.98476755496756
2486.0679010969156,153.91484168346264,220.4331224862715,692.0753565390031,-413.0889953039971,84.26640957614933,120.8338684189219
2488.61571306953,154.0909884265729,220.41909672378569,503.54557565130716,-581.2508607809955,84.52927863843554,139.09846667003012
2499.1147106584685,153.96332905154435,220.34571038602888,-444.6925127367254,388.51746620159736,85.78538815576442,311.1404069086323
2487.118571382052,153.75972427433248,220.42856121498514,339.834737161432,-714.2097658044446,84.37443280984279,154.55459761007208
2508.3811029676913,154.50634994136118,220.28225143487236,204.02931004434336,302.04810813846336,87.34604691399281,34.03894407412604
2481.576718130087,153.8939571763898,220.46932007407935,-862.5631140119956,89.99635493108046,83.8263727925291,275.9550615532534
2496.721946274075,153.99840699564191,220.36036583055707,627.9486817304254,96.98292351719444,85.47194489641691,81.22326227178095
2504.3075836303315,154.19226952735625,220.311210299661,-339.76638506405675,-334.3277862216718,86.57398562399179,225.46032321541836
2484.787107131045,154.25244321760368,220.44613816677548,-768.5929724145282,297.1892884010049,84.13604656352281,291.13914371321226
2489.769098024879,153.98482827194127,220.41244711665794,436.4098948116783,613.3084027351509,84.64583156005631,35.43493519417718
2485.4754244493383,153.95875066363413,220.4396426516652,104.93243635502817,807.8909830691878,84.20433349055233,7.400602902892088
2505.7426046118244,154.13880996891626,220.30211324573233,-431.9242865777238,92.24600507329656,86.81583698732496,282.0533678089102
2478.7445741904007,153.99679744725285,220.48628061653807,267.57505884088187,-862.3583147364925,83.5676086884144,162.76184326206126
2504.132028330499,154.319152143599,220.30469537979585,412.75392231701466,-247.50323006583585,86.54199011665823,120.95126739593904
2500.818124324917,154.219732567018,220.3356163217944,289.4932955934315,-474.52935013861105,86.02537303611432,148.61537826109011
2489.519069870188,153.88704695966595,220.41097973163562,-499.6333618633361,566.5513446220218,84.62708926142798,318.59106204054746
2486.338008522275,153.74931654074072,220.43052513201238,754.847833053188,-273.72506367192267,84.28899586082252,109.93397473863133
2485.6802475549944,154.04573014050925,220.43892430690815,289.26025657314665,-758.1259556210916,84.22702255650083,159.11652321393007
2497.9725539589035,153.79829615226078,220.3513351116451,158.96771371149228,-592.472415726738,85.62595036420252,164.9807945129215
2470.3988252951704,153.64198947227084,220.54687079804637,790.9769163277707,-614.5427369595544,82.84644706194467,127.84535702082967
2482.9691666576646,153.82734244082806,220.45935328349793,722.245109700529,-446.681540121898,83.95691663033608,121.73514951238319
2493.4551960728386,153.98860669369094,220.38419083734024,51.08558196065012,690.9272528000905,85.06928265597271,4.228773539237185
2479.0302681824764,153.81472955047442,220.4835005898677,-594.7042743615034,674.9250193169855,83.59296002539635,318.6150098590077
2503.046499500095,154.23749121678298,220.31743351013446,400.2980119156027,-310.53037228548675,86.3667720776304,127.8050785179228
2509.1067206186945,154.3332938594036,220.27563455266386,126.32283954119444,-316.5409598176716,87.50855749455573,158.24536609077433
2497.0650268168024,153.85420998945685,220.3605477790198,182.8903633363875,-602.5852759588029,85.51163123447266,163.11695434527576
2495.709472529106,153.9502145555031,220.37035807792338,539.9716898628664,369.46978427007025,85.339745405904,55.61923219491683
2504.5940143517632,153.87874237191943,220.30978016226732,-456.4685592915007,-111.53895600510617,86.62143202160367,256.2654417563666
2482.4756882571533,153.95651502959996,220.46240464681827,-734.3619933082814,438.3911541221076,83.91285309703922,300.83443903084634
2497.7611775600917,153.95643440483818,220.357182311482,-460.75477105108547,-411.03665101769474,85.59747784196236,228.26342308819778
2483.130877384195,153.88308947360184,220.45422947088247,-840.7561747152498,-101.24596935066408,83.9737639977127,263.13310729051824
2505.1900128009056,154.15873948209554,220.30160794161606,331.30300146836856,-312.05712191111763,86.7228347813077,133.2871705897935
2494.747422053205,153.75020437901688,220.3780904954258,-617.7687329140892,-263.65194548410636,85.21836856039982,246.88739557249525
2480.890489097847,153.8970446308141,220.47036928811457,872.1388990154029,81.96170097831694,83.7633044226331,84.63046619014835
2465.3711641284895,153.9295726637913,220.58358440343707,-125.51746790391472,-1048.1274568855881,82.44498598522459,186.8289101156527
2488.133880207448,154.17330546524593,220.42015849529696,312.3088833328052,710.6306362110299,84.47825383260307,23.72514097340618
2498.091665307716,153.9000703546569,220.35355124944365,-292.9132174128833,536.1067645703637,85.64334737021076,331.34765422607256
2497.4446797617406,154.06915903672098,220.3548974149449,-346.18666780378476,-517.7738678835585,85.5593486841519,213.76589560721152
2484.652361614069,154.509844318583,220.44761383122815,776.3590943600386,282.5791525823136,84.12010436757463,70.0014028687018
2505.8559235882913,154.2979421698385,220.3013150160164,437.58308840072107,25.78778680001694,86.83845514767327,86.63026152579401
2499.641707436411,154.00726389716078,220.34267438075156,-572.122958861357,94.70820595773236,85.85888439634127,279.39700500924204
2496.3500196046175,154.03790340558885,220.36716095452573,240.7138131329938,-596.3509683336052,85.41768644987081,158.01960926389177
2502.430958354026,153.98445581339908,220.3237465504723,40.59564735526958,519.1644442094381,86.26964198610435,4.471261998771832
2503.722501807811,154.2342480643223,220.31289324332283,224.52668106386457,436.0599343724183,86.47877828471285,27.245196748650244
2476.5505088565474,154.06272106584618,220.49989646214405,711.8199633574413,598.6443371205306,83.3697153228592,49.935878763894046
2462.77579522988,154.19906374443474,220.59135157839313,-899.6309519756892,-600.3289314092563,82.25000644641625,236.28484393271773
2476.670661731858,153.83203216156525,220.50068799087109,-533.8230701516867,-759.6251197779903,83.38258489137124,215.0972747701109
2504.6330591365854,154.1781897615347,220.3057804889673,-427.6043173231089,-191.756451614215,86.62972196512953,245.8463289963368
2489.5189943115174,154.1988697036018,220.41096554635507,538.9033839243915,-529.9623481633809,84.62280379960916,134.522509512656
2490.842908593051,153.8999237974506,220.4038497441687,-651.2723777264619,-340.56647860583064,84.771866387984,242.3927255669968
2484.6365866972683,154.19945655227428,220.44622983075553,503.38787568506865,655.0521601980499,84.12135246778875,37.5416790682351
2507.147272089048,154.16503726290614,220.28448137898346,62.312456021456846,396.35474082745446,87.09416994119782,8.934850720983754
2498.259937913727,153.98028603558308,220.3501649738367,372.96867250503544,478.7876374767432,85.6708082832615,37.91914961657966
2485.657131364014,153.72556481240744,220.43938444271802,167.92411284938623,794.4594389512793,84.22409945166532,11.935025899385447
2513.701459759653,155.48460621234022,220.2451764197812,-81.76418722426608,76.71749424213466,89.0866567465842,313.17503849207225
2498.7995284588187,154.01298239345965,220.34790327167326,-87.576185672662,590.8536309468132,85.73782704198551,351.56872665798767
2450.080761307205,153.94139356531227,220.68801575666657,-448.379753141507,-1115.246066315362,81.34031981804567,201.90248573005422
2498.6612091909856,153.64408768310972,220.35126902418622,366.6142539538872,474.48454916030136,85.72262036028283,37.69211896964806
2487.510031784081,153.92027876829073,220.42844896045764,416.38812581977794,666.260111925957,84.41181863702025,32.00491111961898
2464.018789095513,153.76220070957424,220.5866135834638,-486.51996625403336,-951.7097718953238,82.34669730553314,207.07649203015725
2480.058700423096,153.9040851351948,220.47780446120507,845.4220818945871,-267.520676296541,83.68535513126574,107.55989763829095
2494.5111766066484,153.66028744584483,220.37543923239846,490.03247002862025,464.22821298088854,85.19523736442996,46.55067180266786
2491.1146583312902,154.00490811664278,220.3971192347505,645.2492598092982,-342.82492571423603,84.80198442195095,117.98165525724856
2502.3703398128905,154.22117288263547,220.3249585275181,161.31231242604977,497.4489294907334,86.25407262900698,17.96726389587739
2481.876617146419,154.00206546542833,220.46474390018415,-783.0828871257489,362.228579017085,83.85819353786754,294.8229558519101
2508.0051136166135,154.21037081969519,220.2848314337219,-179.68938732766824,329.9753676901658,87.26930696296,331.42928377060736
2483.0624166575953,153.89375956402097,220.45474067512788,-751.0430706670287,-392.8412177856507,83.96828800799517,242.38628651435943
2512.4873202824037,154.81537645844037,220.25277713979307,-131.62649195441938,144.6142772113061,88.50533560499706,317.69244346088936
2508.5166651737513,154.4526576481185,220.28168563097267,136.47260491654177,333.1181419146494,87.3770838316594,22.278860754223324
2480.7079529861217,154.12241121062874,220.47493631924044,-800.4756673988327,-361.4008777302042,83.7457995976524,245.70180943069616
2496.9987118296376,153.81048272659962,220.3624317013598,-325.4747921789089,-540.2855743796536,85.50461850323207,211.0645057456807
2508.2542095976073,154.0576995677572,220.2800993134819,-147.24775416252217,336.89493250792174,87.32489839723583,336.3907736359962
2490.2706211622894,153.9065979470894,220.4078277508847,-557.1560774368446,492.8881974582847,84.70869063910202,311.497885645773
2509.342497350685,154.21707389084818,220.27515107976683,70.7600792900253,324.16542162364004,87.57068025065388,12.313914648262658
2497.2723824167556,153.95961598835825,220.3543290989349,220.86892686007513,-586.5221464053619,85.5326751675559,159.36515133559533
2496.842665291147,153.73452554237275,220.35991977364878,-499.6067710409149,-389.5234309400057,85.4857337126152,232.05717629966773
2499.172812324202,154.00448553543148,220.34369414392708,539.2600528844498,-238.03980528901837,85.79226287605819,113.82057737843895
2485.2309433987784,154.13545010220642,220.4400875573042,-573.5954131065514,583.4445156316074,84.17858757268736,315.4872666206745
2474.835931414641,153.7476067522527,220.51188781420493,-74.65662930434348,-947.7079297637734,83.220781360067,184.50425161367195
2477.0234534040187,154.24378248541953,220.497820084789,893.9550735552492,-233.60981456734038,83.41349674090687,104.64547346332489
2473.898921712877,154.02572404638383,220.52115159673085,867.3134717525841,-414.7082159949567,83.14106741735209,115.55637434628034
2489.7852744888796,154.00382600862446,220.40997042725877,462.0426504512782,592.1601853680652,84.65727599925667,37.9640147338604
2500.397277112985,154.2151712320181,220.33464727656354,13.628405725978244,564.6775741720214,85.96329030505454,1.3825938450110264
2480.0581418800452,153.89089405268766,220.47973400739494,-683.6316294133874,564.6348789785595,83.68616012475123,309.55422849315187
2497.1235475593194,154.20153565336415,220.35263877389093,-180.2855941422894,602.7565087680698,85.51535872681688,343.3470329159782
2488.6635782174235,153.8234383069501,220.41422731674885,757.5279138435665,-130.53115901446824,84.53271576120768,99.77858334048999
2498.0496282281083,153.91687216294875,220.35438027897752,605.9816367365244,-78.84864447579331,85.64181691347004,97.41780424312432
2493.5397244992887,154.0156989147254,220.38655033388153,53.24080593724156,689.6758557983482,85.0766944398734,4.414447390212057
2501.268154757384,154.25555094548437,220.3323056217168,388.84490618277306,-383.4905344661953,86.092999852423,134.6036449417456
2485.0263549449737,153.75581299150818,220.44520243584856,-231.07987731472167,-788.382132201507,84.1558215723742,196.33616009119612
2487.3398760137943,154.1117432050205,220.4247222234621,-564.5757531333469,549.5055039868668,84.39557490328461,314.224463736243
2489.133488423873,154.04092893018864,220.4154214006206,734.6475991738189,-199.89752239177972,84.58423389281698,105.22418289067754
2501.402584953628,153.7570432618691,220.3299731506048,537.4282505043777,-78.67307062359134,86.114665304086,98.32845344931059
2501.389599654522,154.0881614815993,220.3321185231223,18.839347588122234,-543.3620676596031,86.11012168279579,178.0143618458523
2476.1925819803896,153.64881582499456,220.50699418604214,-733.4445405659804,-579.353733429786,83.33803574875303,231.6947480547013
2513.0802783396334,154.87996624047594,220.24685825079493,-151.3689068155935,-58.83004394439018,88.73500239686179,248.76028545807185
2499.4262815760494,154.13559642885212,220.3423980194622,-256.0982493371264,525.1887400595834,85.82814723786599,334.0038981876304
2460.58764672999,153.74708983277523,220.61416024659474,552.2204053515255,955.620283415525,82.08595568714058,30.021913232677832
2495.8956315829437,153.77755861817897,220.36855186551767,-289.35472776497875,583.0175444500238,85.36411890320026,333.6038865741095
2468.528926887652,154.15515741012763,220.55882891847025,836.5034599233602,585.8916936262378,82.69877999417706,54.99251758827151
2486.358261823199,154.02603683684742,220.43331318488262,395.2651066165976,697.4128207064441,84.29732706039647,29.543540779348998
2500.356302572082,153.92673337895337,220.335120452671,-93.76860764017593,557.5676626427247,85.96009860629563,350.4531238353425
2500.0943312154986,154.03428908625213,220.3411342620044,145.2269855622897,552.249743596473,85.9208638440766,14.73459575509182
2479.492163132987,153.71372246076834,220.47900519937158,-88.83613934226221,-889.6368138789846,83.63284378793088,185.70228830870082
2491.1942694077393,154.09546328449375,220.3939331006481,-441.61303642615513,580.559792193269,84.8105111358967,322.73927884107155
2484.6984700979706,153.95069479097165,220.4396179319276,300.0304867615987,-768.6426441616494,84.12915667719031,158.67807416149176
2485.9832655219575,153.59534662282334,220.4399320528112,-428.86565667840983,-684.4553035062924,84.25519976487058,212.06935838308212
2462.353752981027,153.7894894125823,220.60070181760148,-779.0313333638213,-756.5300471406924,82.2189543920532,225.83914036089172
2502.2480110031966,154.1326970228842,220.32496544698137,-382.37861524869567,-359.78192615235514,86.23954673189591,226.74284007920593
2492.6196663404303,154.15029418354703,220.39272771722239,584.0698968844104,-397.93573014677213,84.97036144322564,124.268123196049
2501.8325013779645,153.81652991834963,220.3281575869088,-441.8909073736987,-299.82076591973936,86.17788410072932,235.84138879325306
2497.3361283747986,153.99375873125217,220.36153716593648,224.14936332490777,-583.9943562293059,85.54080885027196,159.00271134772316
2476.015799593854,153.88726761405616,220.5065327184958,-413.7927445770696,840.7143465117172,83.31984592114719,333.79356961091577
2503.2890806791,154.1056634109313,220.3141768271305,131.1923664433061,483.834825703373,86.40394569757096,15.171505914706316
2500.1586407101568,153.77565333907813,220.3379040983804,568.6453074708637,18.076771659415662,85.93573797313313,88.18030691703622
2492.6420947479987,153.86505628957588,220.38731925137748,-604.2279237718803,-366.97591953504764,84.96998166374557,238.72665239841382
2509.4773787693675,154.1672449009102,220.27606394491642,-282.5514641520896,-165.72664812539196,87.59966439861427,239.6059069927269
2510.742332134677,154.47318736616808,220.26252668398104,242.71838495183783,-137.85895091213746,87.93115803534168,119.59671165174414
2490.3143974806358,153.9572416949272,220.40842610826002,-728.6295715575437,-147.30327520306105,84.71210369390599,258.56898380603786
2482.7401297031442,154.0366953781957,220.45591963719937,465.12773189911815,713.2645374804545,83.93927863771214,33.10899919619486
2482.569035058297,153.98965501758008,220.45692493800308,201.02964833078798,829.7268771337136,83.92373020348307,13.619769870883975
2493.0740744803848,154.08780741778253,220.38733801238192,368.23349320267465,594.4051478020617,85.02383975559758,31.77897013100344
2489.5362641992524,153.9088287026396,220.40917570786343,-618.8852319167785,-432.7301277468867,84.62853121431026,235.03694374419683
2509.1710349694235,154.65438901842165,220.27109728548393,-322.51856052984994,-107.30209340394171,87.51452362015914,251.59568028474112
2499.5044748737764,154.20822412170133,220.3437398373588,133.99378950652223,567.0904958110874,85.83915285777478,13.294837088103236
2492.9725277104203,153.77589410187957,220.38547408456998,-475.23863935073484,-515.3574937964274,85.01164697791172,222.67885746799874
2470.5170539994533,153.9702711697652,220.5445524389497,841.5576558155886,539.4306756748935,82.85987396992746,57.340514822610686
2492.5680894077886,153.86030711678563,220.39309474843327,590.1132697417938,-391.1630116118454,84.9625179961302,123.5408636077527
2507.466618120325,154.03698733634792,220.28945591287462,375.2806669975239,114.82493866240256,87.15465043718483,72.99060036489031
2487.154796199312,153.76078608673245,220.4261985931384,772.5234837180822,167.82707097910037,84.37735092688823,77.74439582619259
2494.6330633886364,153.97561557657673,220.37914851577892,463.1712261179344,-488.70264820332284,85.2060158144304,136.5374132074042
2498.2567952624,153.73358872575034,220.3460104989895,590.3323782620721,-140.30110943348163,85.67227265935378,103.37257844079697
2481.1250817602418,154.0017944433146,220.47269792310135,856.2743926889873,-170.15260877213493,83.78441730961113,101.23983659894174
2492.796222826171,153.9566217439126,220.38679995462118,463.4854867244781,-529.7309020692956,84.99107046071632,138.8172593254179
2504.745018432502,154.0520157143247,220.30659618687284,-246.30611393906577,-394.76889390991863,86.65267645495634,211.95955770003334
2508.611808099796,154.3204236753494,220.27769685960644,87.43059580308339,-345.7228793915258,87.40034226309916,165.80812144159106
2476.1773333416522,153.94446701516972,220.50437191951286,-59.61912867911581,-932.7452433255804,83.33677353010577,183.6572144572598
2479.1655835796228,153.8568098633541,220.48614068763123,891.5473278680975,-111.62880657903533,83.60056884044366,97.13670516372812
2483.6304695266863,153.5108273391803,220.45136769580668,250.32605657461693,-801.8554338904282,84.0237955662588,162.66276529254932
2481.8797201697753,153.70552832265508,220.4643219878799,494.0919187375667,-707.7328410378069,83.85671415242237,145.08000489665017
2478.4489398619503,153.61160085060143,220.4865393669011,906.5854664990004,-39.31830832321656,83.53640573886132,92.48428738317351
2479.856627511008,154.14406652039736,220.48008631897613,702.6001461076381,545.4029877587608,83.66523180954479,52.180760181620165
2476.803768038278,153.8796050834004,220.4983201301429,-882.8510565426361,-282.9140571960559,83.39240528154686,252.23135504193706
2504.841332298913,153.85707635998375,220.30570142035634,13.402071440716059,462.98097517861464,86.66803121574549,1.6581926398648505
2498.3292267972865,153.73569448534684,220.35137756585624,-93.824307008943,598.5037083677491,85.67905843587789,351.09042743717697
2498.5308565907408,154.16791842195485,220.34891211008213,439.7084121801639,-410.78398685447684,85.70637508040217,133.05404381683024
2487.832120267213,154.05489299602243,220.42157813275693,780.9812136724773,1.6656119587763087,84.444517900842,89.88002452687014
2504.474181267422,154.32455849319572,220.30983739141809,106.15615037105772,-460.7984289982155,86.59992936143036,167.0273148048283
2478.5971434925323,153.94018522111435,220.48990748793852,900.1489721155754,94.9949850953569,83.55174197107647,83.97625608570098
